-- phpMyAdmin SQL Dump
-- version 3.5.5
-- http://www.phpmyadmin.net
--
-- Servidor: localhost
-- Tempo de Geração: 01/03/2013 às 17:49:54
-- Versão do Servidor: 5.1.68-cll
-- Versão do PHP: 5.2.17

SET SQL_MODE="NO_AUTO_VALUE_ON_ZERO";
SET time_zone = "+00:00";


/*!40101 SET @OLD_CHARACTER_SET_CLIENT=@@CHARACTER_SET_CLIENT */;
/*!40101 SET @OLD_CHARACTER_SET_RESULTS=@@CHARACTER_SET_RESULTS */;
/*!40101 SET @OLD_COLLATION_CONNECTION=@@COLLATION_CONNECTION */;
/*!40101 SET NAMES utf8 */;

--
-- Banco de Dados: `samtec_unitas`
--

-- --------------------------------------------------------

--
-- Estrutura da tabela `unts_comunidade`
--

CREATE TABLE IF NOT EXISTS `unts_comunidade` (
  `comun_id` smallint(6) NOT NULL AUTO_INCREMENT,
  `comun_sigla` varchar(10) DEFAULT NULL,
  `comun_razao_social` varchar(255) NOT NULL,
  `comun_icone` blob,
  `comun_logradouro` varchar(255) NOT NULL,
  `comun_numero` varchar(10) NOT NULL,
  `comun_complemento` varchar(30) NOT NULL DEFAULT 'sem complemento',
  `comun_bairro` varchar(120) NOT NULL,
  `comun_municipio` varchar(120) NOT NULL DEFAULT 'ES',
  `comun_estado` char(2) NOT NULL,
  `comun_cep` varchar(10) DEFAULT NULL,
  `comun_telefone` varchar(13) DEFAULT NULL,
  `comun_fax` varchar(13) DEFAULT NULL,
  `comun_email` varchar(255) DEFAULT NULL,
  `comun_site` varchar(255) DEFAULT NULL,
  `comun_ativo` char(1) NOT NULL DEFAULT 'S',
  PRIMARY KEY (`comun_id`)
) ENGINE=InnoDB  DEFAULT CHARSET=latin1 AUTO_INCREMENT=6 ;

--
-- Extraindo dados da tabela `unts_comunidade`
--

INSERT INTO `unts_comunidade` (`comun_id`, `comun_sigla`, `comun_razao_social`, `comun_icone`, `comun_logradouro`, `comun_numero`, `comun_complemento`, `comun_bairro`, `comun_municipio`, `comun_estado`, `comun_cep`, `comun_telefone`, `comun_fax`, `comun_email`, `comun_site`, `comun_ativo`) VALUES
(1, 'CSCJ', 'Comunidade Sagrado Coração de Jesus', 0x49636f6e65207361677261646f5f3030312e4a5047, 'Rua Telmo Torres', 's/nº', 'Igreja Católica', 'Santos Dumont', '', '', '29.108-630', '(27)3329-2264', NULL, 'cal-vesm@hotmail.com', 'www.psm.com.br', 'S'),
(2, 'CFPL', 'Centro de Formaç&#227;o Padre Antônio Lutte', NULL, 'Rua Girassol', '8', 'Prédio', 'Jardim Asteca', 'Vila Velha ', 'ES', '29.100-000', '(27)3349-2903', NULL, NULL, NULL, 'S'),
(3, 'CNSP', 'Comunidade Nossa Senhora da Penha', NULL, 'Rua Emílio Brand&atilde;o', '145', 'Igreja Católica', 'Nossa Senhora da Penha', 'Vila Velha ', 'ES', '29.110-140', '(27)3319-0762', NULL, 'victor.j.rodrigues@hotmail.com', 'www.psm.com.br', 'S'),
(4, 'CSL', 'Comunidade Santa Luzia', 0x53616e74615f4c757a69615f3234322e6a7067, 'Rua Antônio Barcelos', '55', 'Igreja Católica', 'Santa Inês', '', '', '29.108-040', '(27)3339-5496', NULL, 'bertoldi.geraldo@gmail.com', 'www.psm.com.br', 'S'),
(5, 'PSMD', 'Paróquia Santa M&atilde;e de Deus', NULL, 'Praça Chateaubriand', 's/n', 'Igreja', 'Ibes', 'Vila Velha ', 'ES', '29.108-630', '(27)3229-2264', NULL, NULL, NULL, 'S');

-- --------------------------------------------------------

--
-- Estrutura da tabela `unts_contas`
--

CREATE TABLE IF NOT EXISTS `unts_contas` (
  `conta_id` smallint(6) NOT NULL AUTO_INCREMENT,
  `conta_tipo` char(1) NOT NULL,
  `conta_descricao` varchar(255) NOT NULL,
  `conta_visibilidade` smallint(6) NOT NULL DEFAULT '0',
  `conta_ativa` char(1) NOT NULL,
  PRIMARY KEY (`conta_id`)
) ENGINE=InnoDB  DEFAULT CHARSET=latin1 AUTO_INCREMENT=79 ;

--
-- Extraindo dados da tabela `unts_contas`
--

INSERT INTO `unts_contas` (`conta_id`, `conta_tipo`, `conta_descricao`, `conta_visibilidade`, `conta_ativa`) VALUES
(1, 'R', 'Apuraç&#227;o de Dízimos', 0, 'S'),
(2, 'R', 'Apuraç&#227;o de Ofertas de Missa', 0, 'S'),
(3, 'M', 'Caixa', 0, 'S'),
(4, 'M', 'Banestes dízimo c/c - 1.617.885', 0, 'S'),
(5, 'D', 'Material Litúrgico', 0, 'S'),
(6, 'D', 'Telefonia e Dados', 0, 'S'),
(7, 'M', 'Banestes construção c/c - 12.224.267', 0, 'S'),
(8, 'R', 'Oferta para Construç&#227;o', 0, 'S'),
(9, 'R', 'Vendas de Material Litúrgico', 0, 'S'),
(10, 'R', 'Of. Esp. Óbulo de S&#227;o Pedro ', 0, 'S'),
(11, 'R', 'Of. Esp. Camp. Evangelização', 0, 'S'),
(12, 'R', 'Of. Esp. Ig. Ir. Lábrea', 0, 'S'),
(13, 'R', 'Of. Esp. Coleta Solidariedade', 0, 'S'),
(14, 'R', 'Of. Esp. Missões e Santas Infância', 0, 'S'),
(15, 'R', 'Outras Receitas', 0, 'S'),
(16, 'D', 'Salários', 0, 'S'),
(17, 'D', 'Encargos Sociais', 0, 'S'),
(18, 'D', 'Água', 0, 'S'),
(19, 'D', 'Energia Elétrica', 0, 'S'),
(20, 'D', 'Material Limpeza', 0, 'S'),
(21, 'D', 'Material Expediente', 0, 'S'),
(22, 'D', 'Gastos com Pastorais', 0, 'S'),
(23, 'D', 'Doaç&#245;es', 0, 'S'),
(24, 'D', 'Manutenç&#227;o do Templo e Anexos', 0, 'S'),
(25, 'D', 'Manutenç&#227;o de Máquinas e Equipamentos', 0, 'S'),
(26, 'D', 'Repasse Fundo Paroquial', 0, 'S'),
(27, 'D', 'Repasse Centro Formaç&#227;o', 0, 'S'),
(28, 'D', 'Impostos e Taxas', 0, 'S'),
(29, 'M', 'Banestes Poupança Dízimo', 1, 'S'),
(30, 'M', 'Banestes Poupança Construç&#227;o', 2, 'S'),
(31, 'R', 'Of. Esp. Lugares Santos', 0, 'S'),
(32, 'M', 'Banestes dízimo c/c - 10197374', 4, 'S'),
(33, 'M', 'Banestes dízimo c/c - 1618701', 5, 'S'),
(34, 'M', 'Aplicação Financeira 1618701', 5, 'S'),
(35, 'R', 'Aplicação Financeira', 0, 'S'),
(36, 'D', 'Outras Despesas', 0, 'S'),
(37, 'R', 'Fundo Paroquial Com. Santa Luzia', 6, 'S'),
(38, 'R', 'Fundo Paroquial Com. Santa Inês', 6, 'S'),
(39, 'R', 'Fundo Paroquial Com. Santo Antônio', 6, 'S'),
(40, 'R', 'Fundo Paroquial Com. Nossa S. das Graças', 6, 'S'),
(41, 'R', 'Fundo Paroquial Com. Nossa S. da Penha', 6, 'S'),
(42, 'R', 'Fundo Paroquial Com. Sag. Coração de Jesus', 6, 'S'),
(43, 'R', 'Fundo Paroquial Com. Menino Jesus', 6, 'S'),
(44, 'R', 'Fundo Paroquial Com. Nossa S. de Fátima', 6, 'S'),
(45, 'R', 'Repasse Centro de Formação Com. Nossa S. da Penha', 6, 'S'),
(46, 'R', 'Repasse Centro de Formação Com. Nossa S. das Graças', 6, 'S'),
(47, 'R', 'Repasse Centro de Formação Com. Santo Antônio', 6, 'S'),
(48, 'R', 'Repasse Centro de Formação Com. Santa Luzia', 6, 'S'),
(49, 'R', 'Repasse Centro de Formação Com. Santa Inês', 6, 'S'),
(50, 'R', 'Repasse Centro de Formação Com. Nossa S. de Fátima', 6, 'S'),
(51, 'R', 'Repasse Centro de Formação Com. Sag. Coração de Jesus', 6, 'S'),
(52, 'R', 'Repasse Centro de Formação Com. Menino Jesus', 6, 'S'),
(53, 'R', 'Encargos Sociais Com. Santa Inês', 6, 'S'),
(54, 'R', 'Encargos Sociais Com. Nossa S. de Fátima', 6, 'S'),
(55, 'R', 'Encargos Sociais Com. Menino Jesus', 6, 'S'),
(56, 'R', 'Encargos Sociais Com. Santo Antônio', 6, 'S'),
(57, 'R', 'Encargos Sociais Com. Santa Luzia', 6, 'S'),
(58, 'R', 'Encargos Sociais Com. Nossa S. da Penha', 6, 'S'),
(59, 'R', 'Encargos Sociais Com. Nossa S. das Graças', 6, 'S'),
(60, 'R', 'Encargos Sociais Com. Sag. Coração de Jesus', 6, 'S'),
(61, 'D', 'Repasse para Mitra', 6, 'S'),
(62, 'D', 'Repasse Fundo Presbiterial', 6, 'S'),
(63, 'D', 'Repasse para o Seminário', 6, 'S'),
(64, 'D', 'Repasse Para Fundação Nossa Sra, da Penha', 6, 'S'),
(65, 'D', 'Repasse Área Pastoral Vila Velha', 6, 'S'),
(67, 'D', 'Repasse Centro de Formação - Comunidade', 6, 'S'),
(68, 'M', 'Banestes c/c - 1019637', 4, 'S'),
(69, 'R', 'Encargos Sociais Centro de Formação', 6, 'S'),
(70, 'M', 'Baneste Poupança - PSMD', 6, 'S'),
(71, 'D', 'Despesas com Informática', 0, 'S'),
(72, 'M', 'Depósitos a Compensar', 0, 'S'),
(73, 'M', 'Contas a Pagar', 0, 'S'),
(74, 'D', 'Despesas com Descartáveis', 0, 'S'),
(75, 'R', 'Transferência entre Contas', 0, 'S'),
(76, 'M', 'Banestes - 12.213.328', 0, 'S'),
(77, 'D', 'Vale-Transporte', 0, 'S'),
(78, 'D', 'Vale-Alimentação', 0, 'S');

-- --------------------------------------------------------

--
-- Estrutura da tabela `unts_funcao`
--

CREATE TABLE IF NOT EXISTS `unts_funcao` (
  `func_id` smallint(6) NOT NULL AUTO_INCREMENT,
  `func_descricao` varchar(255) NOT NULL,
  `func_ativa` char(1) NOT NULL,
  PRIMARY KEY (`func_id`)
) ENGINE=InnoDB  DEFAULT CHARSET=latin1 AUTO_INCREMENT=4 ;

--
-- Extraindo dados da tabela `unts_funcao`
--

INSERT INTO `unts_funcao` (`func_id`, `func_descricao`, `func_ativa`) VALUES
(1, 'Administrador do Sistema', 'S'),
(2, 'Primeiro Tesoureiro', 'S'),
(3, 'Segundo Tesoureiro', 'S');

-- --------------------------------------------------------

--
-- Estrutura da tabela `unts_funcao_usuario`
--

CREATE TABLE IF NOT EXISTS `unts_funcao_usuario` (
  `func_user_id` smallint(6) NOT NULL AUTO_INCREMENT,
  `user_id` smallint(6) NOT NULL,
  `func_id` smallint(6) NOT NULL,
  `func_user_ativo` char(1) NOT NULL,
  PRIMARY KEY (`func_user_id`)
) ENGINE=InnoDB  DEFAULT CHARSET=latin1 AUTO_INCREMENT=10 ;

--
-- Extraindo dados da tabela `unts_funcao_usuario`
--

INSERT INTO `unts_funcao_usuario` (`func_user_id`, `user_id`, `func_id`, `func_user_ativo`) VALUES
(1, 3, 2, 'S'),
(2, 4, 3, 'S'),
(4, 6, 2, 'S'),
(5, 1, 1, 'S'),
(6, 7, 3, 'S'),
(7, 8, 2, 'S'),
(8, 4, 1, 'S'),
(9, 9, 3, 'S');

-- --------------------------------------------------------

--
-- Estrutura da tabela `unts_item_mov`
--

CREATE TABLE IF NOT EXISTS `unts_item_mov` (
  `item_id` smallint(6) NOT NULL AUTO_INCREMENT,
  `movim_id` smallint(6) NOT NULL,
  `item_data` date NOT NULL,
  `conta_id_e` smallint(6) NOT NULL,
  `conta_id_s` smallint(6) NOT NULL,
  `item_historico` mediumtext NOT NULL,
  `item_documento` varchar(255) NOT NULL,
  `item_valor` double NOT NULL,
  `item_efetivado` char(1) NOT NULL,
  `item_ativo` char(1) NOT NULL,
  PRIMARY KEY (`item_id`),
  KEY `movim_id` (`movim_id`)
) ENGINE=InnoDB  DEFAULT CHARSET=latin1 AUTO_INCREMENT=1506 ;

--
-- Extraindo dados da tabela `unts_item_mov`
--

INSERT INTO `unts_item_mov` (`item_id`, `movim_id`, `item_data`, `conta_id_e`, `conta_id_s`, `item_historico`, `item_documento`, `item_valor`, `item_efetivado`, `item_ativo`) VALUES
(20, 2, '2012-01-03', 3, 17, 'Pago encargos sociais sobre décimo terceiro salário de funcionário referente a 2011.', 'Dinheiro', 43.6699981689453, 'S', 'S'),
(21, 2, '2012-01-03', 3, 16, 'Pago salário de funcionário referente 12/2011.', 'dinheiro', 297.720001220703, 'S', 'S'),
(22, 2, '2012-01-04', 3, 27, 'Pago ao Centro de Formaç&#227;o referente 12/2011.', 'dinheiro', 33, 'S', 'S'),
(23, 2, '2012-01-04', 3, 16, 'Pago segunda parcela 13&#186; salário funcionário.', 'dinheiro', 45.3199996948242, 'S', 'S'),
(24, 2, '2012-01-04', 3, 23, 'Pago doaç&#227;o a terceiros.', 'dinheiro', 220, 'S', 'S'),
(25, 2, '2012-01-08', 1, 3, 'Apuraç&#227;o de oferta de dízimo do dia 08/01/12.', 'dinheiro', 2230, 'S', 'S'),
(26, 2, '2012-01-08', 2, 3, 'Apuraç&#227;o de oferta de missa do dia 08/01/12.', 'dinheiro', 61.4500007629395, 'S', 'S'),
(27, 2, '2012-01-09', 3, 4, 'Transfer&#234;ncia para c/c dz.', 'dinheiro', 2291.44995117188, 'S', 'S'),
(28, 2, '2012-01-15', 1, 3, 'Apuraç&#227;o de dízimo do dia 15/01/12.', 'dinheiro', 800, 'S', 'S'),
(30, 2, '2012-01-16', 3, 4, 'Transfer&#234;ncia c/c dízimo dia 16/01/12.', 'dinheiro', 1451.75, 'S', 'S'),
(31, 2, '2012-01-17', 3, 21, 'Pago papelaria Monteiro - NF 1234556', 'dinheiro', 24.8999996185303, 'S', 'S'),
(32, 2, '2012-01-22', 1, 3, 'Apuraç&#227;o de dízimo do dia 22/01/12.', 'dinheiro', 730, 'S', 'S'),
(33, 2, '2012-01-22', 2, 3, 'Apuraç&#227;o de oferta de missa dia 22/01/12.', 'dinheiro', 49.5999984741211, 'S', 'S'),
(34, 2, '2012-01-24', 3, 4, 'Transfer&#234;ncia c/c dz.', 'dinheiro', 980, 'S', 'S'),
(35, 2, '2012-01-24', 3, 5, 'Pago aquisiç&#227;o de partículas &#224; \r\nLivraria Paulinas - NF 22334454', 'dinheiro', 17, 'S', 'S'),
(36, 2, '2012-01-29', 2, 3, 'Apuraç&#227;o de oferta de missa dia 29/01/12.', 'dinheiro', 73, 'S', 'S'),
(37, 4, '2012-02-05', 1, 3, 'Apuraç&#227;o de dízimo do dia 05/02/12.', 'dinheiro', 2145, 'S', 'S'),
(38, 4, '2012-02-05', 2, 3, 'Apuraç&#227;o de oferta de missa dia 05/02/2012.', 'dinheiro', 68.3000030517578, 'S', 'S'),
(39, 4, '2012-02-06', 3, 16, 'Pago salário de funcionário referente ao m&#234;s 01/12.', 'dinheiro', 356.600006103516, 'S', 'S'),
(40, 4, '2012-02-06', 3, 17, 'Pago encargos sociais referente &#224; janeiro.', 'dinheiro', 172.449996948242, 'S', 'S'),
(41, 4, '2012-02-06', 3, 27, 'Repasse ao Centro de Formaç&#227;o referente a 01/12.', 'dinheiro', 26.1700000762939, 'S', 'S'),
(42, 4, '2012-02-06', 3, 4, 'Transfer&#234;ncia c/c dz dia 06/02/12.', 'dinheiro', 2197.69995117188, 'S', 'S'),
(43, 4, '2012-02-12', 1, 3, 'Apuraç&#227;o de dízimo dia 12/02/2012.', 'dinheiro', 1435, 'S', 'S'),
(44, 4, '2012-02-12', 2, 3, 'Apuraç&#227;o de missa dia 12/02/2012.', 'dinheiro', 151.25, 'S', 'S'),
(45, 4, '2012-02-13', 3, 20, 'Pago ao Disk Limpeza - NF 345453', 'dinheiro', 103.339996337891, 'S', 'S'),
(46, 4, '2012-02-13', 3, 4, 'Transfer&#234;ncia c/c dz dia 13/02/2012.', 'dinheiro', 2059.30004882812, 'S', 'S'),
(47, 4, '2012-02-13', 3, 24, 'Pago confecç&#227;o de chave - Recibo 23333', 'dinheiro', 10, 'S', 'S'),
(48, 4, '2012-02-13', 3, 21, 'Pago papelaria fulana - NF 24444', 'dinheiro', 13.6000003814697, 'S', 'S'),
(49, 4, '2012-02-15', 3, 22, 'Pago Pis Soc - NF 111', 'dinheiro', 21.1000003814697, 'S', 'S'),
(50, 4, '2012-02-15', 3, 22, 'Pago PIs Soc - NF 3445', 'dinheiro', 24.7999992370605, 'S', 'S'),
(51, 4, '2012-02-19', 1, 3, 'Apuraç&#227;o de dz dia 19/02/2012.', 'dinheiro', 200, 'S', 'S'),
(52, 4, '2012-02-19', 2, 3, 'Apuraç&#227;o de missa dia 19/02/2012.', 'dinheiro', 49.5999984741211, 'S', 'S'),
(53, 4, '2012-02-23', 3, 4, 'Transfer&#234;ncia c/c dz dia 23/02/2012.', 'dinheiro', 415, 'S', 'S'),
(54, 4, '2012-02-23', 3, 5, 'Pago Pis Soc - NF', 'dinheiro', 6, 'S', 'S'),
(55, 4, '2012-02-26', 1, 3, 'Apuraç&#227;o de dízimo dia 26/02/2012.', 'dinheiro', 860, 'S', 'S'),
(56, 4, '2012-02-26', 2, 3, 'Apuraç&#227;o de missa dia 26/02/2012.', 'dinheiro', 215.75, 'S', 'S'),
(57, 4, '2012-02-27', 3, 22, 'Pago Soc Pia - NF 2195', 'dinheiro', 214.399993896484, 'S', 'S'),
(58, 4, '2012-02-27', 3, 4, 'Transfer&#234;ncia c/c dz dia 27/02/12.', 'dinheiro', 1429.15002441406, 'S', 'S'),
(59, 4, '2012-02-29', 3, 5, 'Pago Soc Pia - NF', 'dinheiro', 11.3400001525879, 'S', 'S'),
(60, 5, '2012-03-01', 3, 25, 'Pago Mg Refrigeraç&#227;o - NF', 'dinheiro', 90, 'S', 'S'),
(61, 5, '2012-03-02', 3, 17, 'Pago enc. Soc. referente 02/12.', 'dinheiro', 181.080001831055, 'S', 'S'),
(62, 5, '2012-03-04', 1, 3, 'Apuraç&#227;o de dz 04/03/2012.', 'dinheiro', 2200, 'S', 'S'),
(63, 5, '2012-03-04', 2, 3, 'Apuraç&#227;o de missa 04/03/2012.', 'dinheiro', 81.5999984741211, 'S', 'S'),
(64, 5, '2012-03-05', 3, 16, 'Paga salário ref. 02/12. R$ 374.43\r\nPago diferença de salário ref. 01/12. R$ 17.83', 'dinheiro', 392.260009765625, 'S', 'S'),
(65, 5, '2012-03-05', 3, 25, 'Pago Mg Refrigeraç&#227;o - NF    R$160,00\r\nPago Mg Refrigeraç&#227;o - NF    R$280,00', 'dinheiro', 440, 'S', 'S'),
(66, 5, '2012-03-05', 3, 4, 'Trans. c/c dz 05/03/12.', 'dinheiro', 1344, 'S', 'S'),
(67, 5, '2012-03-06', 3, 27, 'Repasse Centro de formaç&#227;o ref. 02/12.', 'dinheiro', 35.2400016784668, 'S', 'S'),
(68, 5, '2012-03-09', 3, 5, 'Pago Soc. Pia ref. aquisiç&#227;o de partículas - NF', 'dinheiro', 10, 'S', 'S'),
(69, 5, '2012-03-11', 1, 3, 'Apuraç&#227;o dz 11/03/12.', 'dinheiro', 1400, 'S', 'S'),
(70, 5, '2012-03-11', 2, 3, 'Apuraç&#227;o missa 11/03/12.', 'dinheiro', 100.099998474121, 'S', 'S'),
(71, 5, '2012-03-12', 3, 20, 'Pago MCM Fom. - NF', 'dinheiro', 142.899993896484, 'S', 'S'),
(72, 5, '2012-03-12', 3, 4, 'Trans, c/c dz 12/03/12.', 'dinheiro', 1152.09997558594, 'S', 'S'),
(73, 5, '2012-03-13', 3, 22, 'Pago Papelaria Monteiro - NF', 'dinheiro', 198.300003051758, 'S', 'S'),
(74, 5, '2012-03-18', 1, 3, 'Apuraç&#227;o dz 18/03/12.', 'dinheiro', 1100, 'S', 'S'),
(75, 5, '2012-03-18', 2, 3, 'Apuraç&#227;o ofer. missa 18/03/12.\r\n', 'dinheiro', 115.800003051758, 'S', 'S'),
(76, 5, '2012-03-19', 3, 4, 'Trans. c/c dz 19/03/12.', 'dinheiro', 1215.80004882812, 'S', 'S'),
(77, 2, '2012-01-04', 4, 26, 'Pago Fundo Paroquial referente a 12/11.\r\n\r\nCh. 001037', 'cheque', 3307.75, 'S', 'S'),
(78, 2, '2012-01-11', 4, 18, 'Valor de consumo de água referente a 12/11.', 'débito automático', 16.1200008392334, 'S', 'S'),
(79, 2, '2012-01-31', 4, 19, 'Valor de consumo de energia referente a 12/11.', 'débito automático', 154.889999389648, 'S', 'S'),
(80, 2, '2012-01-03', 3, 17, 'Pago encargos sociais sobre salário 12/11.', 'dinheiro', 143.970001220703, 'S', 'S'),
(81, 2, '2012-01-08', 1, 3, 'Apuraç&#227;o de dízimo referente 08/01/12.', 'cheque', 520, 'S', 'S'),
(82, 2, '2012-01-09', 3, 4, 'Transfer&#234;ncia de apuraç&#227;o de dízimo 08/01/12.', 'cheque', 520, 'S', 'S'),
(83, 2, '2012-01-15', 1, 3, 'Apuraç&#227;o de dízimo 15/01/12.', 'cheque', 700, 'S', 'S'),
(84, 2, '2012-01-15', 2, 3, 'Apuraç&#227;o de oferta de missa 15/01/12.', 'dinheiro', 51.75, 'S', 'S'),
(85, 2, '2012-01-16', 3, 4, 'Transfer&#234;ncia c/c dízimo dia 16/01/12.', 'cheque', 100, 'S', 'S'),
(86, 2, '2012-01-24', 3, 4, 'Transfer&#234;ncia c/c dízimo dia 24/01/12.', 'cheque', 20, 'S', 'S'),
(87, 2, '2012-01-22', 1, 3, 'Apuraç&#227;o de dízimo dia 22/01/2012.', 'cheque', 20, 'S', 'S'),
(88, 2, '2012-01-10', 4, 22, 'Pago Eletrolândia conforme Ch 001038.\r\nPastoral do Canto.', 'cheque', 229.880004882812, 'S', 'S'),
(89, 4, '2012-02-05', 1, 3, 'Apuraç&#227;o de dízimo dia 05/02/12.', 'cheque', 540, 'S', 'S'),
(90, 4, '2012-02-12', 1, 3, 'Apuraç&#227;o de dízimo dia 12/02/12.', 'cheque', 600, 'S', 'S'),
(91, 4, '2012-02-19', 1, 3, 'Apuraç&#227;o de dízimo dia 19/02/12.', 'cheque', 415, 'S', 'S'),
(92, 4, '2012-02-26', 1, 3, 'Apuraç&#227;o de dízimo dia 26/02/12.', 'cheque', 370, 'S', 'S'),
(93, 4, '2012-02-09', 4, 22, 'Pago Eletrolândia conforme Ch 01040.\r\nPastoral do canto', 'cheque', 229.880004882812, 'S', 'S'),
(94, 4, '2012-02-06', 4, 26, 'Pago fundo paroquial referente 01/12 - Ch 0001039.', 'cheque', 2617.89990234375, 'S', 'S'),
(95, 4, '2012-02-13', 4, 18, 'Pago consumo de &#224;gua referente 01/12.', 'débito automático', 15.6199998855591, 'S', 'S'),
(96, 5, '2012-03-02', 4, 26, 'Pago fundo paroquial referente 02/12. Ch 01041', 'cheque', 3524.94995117188, 'S', 'S'),
(97, 5, '2012-03-06', 4, 22, 'Pago Eletrolândia conforme Ch 001042.\r\nPastoral do canto.', 'cheque', 229.880004882812, 'S', 'S'),
(98, 5, '2012-03-12', 4, 18, 'Valor do consumo de água referente 02/12.', 'débito automático', 17.2999992370605, 'S', 'S'),
(99, 5, '2012-03-29', 4, 19, 'Valor do consumo de energia 02/12.', 'débito automático', 139.020004272461, 'S', 'S'),
(100, 5, '2012-03-02', 4, 19, 'Valor do consumo de energia referente 01/12.', 'débito automático', 146.679992675781, 'S', 'S'),
(101, 8, '2012-03-06', 7, 24, 'Pago M&#227;o Amiga referente aquisiç&#227;o de tintas. Ch 000122.\r\n', 'cheque', 135.25, 'S', 'S'),
(102, 8, '2012-03-29', 7, 24, 'Pago M&#227;o Amigo referente aquisiç&#227;o de tintas. Ch 000125.', 'cheque', 448.399993896484, 'S', 'S'),
(103, 5, '2012-03-25', 1, 3, 'Apuraç&#227;o de oferta de dízimo 25/03/12.', 'dinheiro', 340, 'S', 'S'),
(104, 5, '2012-03-25', 2, 3, 'Apuraç&#227;o de oferta de missa 25/03/2012.', 'dinheiro', 221.699996948242, 'S', 'S'),
(105, 5, '2012-03-25', 1, 3, 'Apuraç&#227;o de dz 25/03/12.', 'cheque', 550, 'S', 'S'),
(106, 5, '2012-03-26', 3, 4, 'Transfer&#234;ncia para c/c baneste.', 'dinheiro', 487.700012207031, 'S', 'S'),
(107, 5, '2012-03-26', 3, 4, 'Transfer&#234;ncia para c/c banestes.', 'cheque', 550, 'S', 'S'),
(108, 5, '2012-03-27', 3, 23, 'Pagamento referente doaç&#227;o para Diácono Carlos José Fernandez.', 'dinheiro', 198, 'S', 'S'),
(109, 5, '2012-03-26', 3, 5, 'Pagamento referente círio pascal.', 'dinheiro', 40, 'S', 'S'),
(110, 5, '2012-03-29', 3, 5, 'Pago Pia Soc. de S&#227;o Paulo referente a livros litúrgicos.', 'dinheiro', 9, 'S', 'S'),
(111, 5, '2012-03-20', 3, 25, 'Pago Hidra Lar Comercio e Manutenç&#227;o ME referente aquisiç&#227;o de filtro para bebedouro.', 'dinheiro', 25, 'S', 'S'),
(112, 6, '2012-04-01', 1, 3, 'Apuraç&atilde;o de oferta de dízimo dia 01/04/12.\r\n', 'dinheiro', 920, 'S', 'S'),
(113, 6, '2012-04-02', 3, 13, 'Depósito de repasse da Coleta da Solidariedade.', 'dinheiro', 236, 'S', 'S'),
(114, 6, '2012-04-02', 3, 22, 'Pago aquisiç&atilde;o de partículas Pia Sociedade de S&atilde;o Paulo.', 'dinheiro', 10, 'S', 'S'),
(115, 6, '2012-04-03', 3, 17, 'Pago encargos sociais referente m&ecirc;s de Março/12, conforme depósito Baneste.', 'dinheiro', 194.65, 'S', 'S'),
(116, 6, '2012-04-03', 3, 16, 'Pago funcionário referente m&ecirc;s março/12.', 'dinheiro', 360.86, 'S', 'S'),
(117, 6, '2012-04-03', 3, 27, 'Pago depósito referente março/12.', 'dinheiro', 30.55, 'S', 'S'),
(118, 6, '2012-04-06', 1, 3, 'Apuraç&atilde;o de dízimo dia 06/04/12.\r\n', 'dinheiro', 500, 'S', 'S'),
(119, 6, '2012-04-08', 1, 3, 'Apuraç&atilde;o de dízimo dia 08/04/12.', 'dinheiro', 765, 'S', 'S'),
(120, 6, '2012-04-08', 1, 3, 'Apuraç&atilde;o de dízimo dia 08/04/12.', 'cheque', 250, 'S', 'S'),
(121, 6, '2012-04-08', 2, 3, 'Apuraç&atilde;o de oferta de missa dia 08/04/12.', 'dinheiro', 104.4, 'S', 'S'),
(122, 6, '2012-04-09', 3, 4, 'Pago depósito Banestes.', 'dinheiro', 1370, 'S', 'S'),
(123, 6, '2012-04-09', 3, 4, 'Pago depósito Banestes.', 'cheque', 250, 'S', 'S'),
(124, 6, '2012-04-09', 3, 26, 'Repasse da oferta específica da coleta da solidariedade, conforme depósito Banestes.', 'dinheiro', 65.1, 'S', 'S'),
(125, 6, '2012-04-15', 1, 3, 'Apuraç&atilde;o de dízimo dia 15/04/12.', 'dinheiro', 565, 'S', 'S'),
(126, 6, '2012-04-15', 1, 3, 'Apuraç&atilde;o de oferta de dízimo dia 15/04/12.', 'cheque', 140, 'S', 'S'),
(127, 6, '2012-04-15', 2, 3, 'Apuraç&atilde;o de oferta de missa dia 15/04/12.', 'dinheiro', 52.1, 'S', 'S'),
(128, 6, '2012-04-17', 3, 4, 'Pago depósito Banestes.', 'dinheiro', 607.1, 'S', 'S'),
(129, 6, '2012-04-17', 3, 4, 'Pago depósito Banestes.', 'cheque', 140, 'S', 'S'),
(130, 6, '2012-04-17', 3, 28, 'Pago 1&ordf; parcela de Taxas Municipais, conforme comprovante.', 'dinheiro', 24.9, 'S', 'S'),
(131, 6, '2012-04-22', 1, 3, 'Apuraç&atilde;o de oferta de dízimo dia 22/04/2012', 'dinheiro', 260, 'S', 'S'),
(132, 6, '2012-04-22', 1, 3, 'Apuraç&atilde;o de oferta de dízimo dia 22/04/12.', 'cheque', 475, 'S', 'S'),
(133, 6, '2012-04-22', 2, 3, 'Apuraç&atilde;o de oferta de missa dia 22/04/12', 'dinheiro', 94.45, 'S', 'S'),
(134, 6, '2012-04-23', 3, 4, 'Pago depósito Banestes.', 'dinheiro', 364.4, 'S', 'S'),
(135, 6, '2012-04-23', 3, 4, 'Pago depósito Banestes.', 'cheque', 475, 'S', 'S'),
(136, 6, '2012-04-25', 3, 22, 'Pago Sociedade Pia Filhas de S&atilde;o Paulo referente a aquisç&atilde;o de diplomas de sacramentos da Eucaristia.', 'dinheiro', 18, 'S', 'S'),
(137, 6, '2012-04-26', 3, 25, 'Pago Shopping dos Cartuchos conforme NF 01522.', 'dinheiro', 35, 'S', 'S'),
(138, 6, '2012-04-29', 1, 3, 'Apuraç&atilde;o de oferta de dízimo dia 29/04/12.', 'dinheiro', 860, 'S', 'S'),
(139, 6, '2012-04-29', 2, 3, 'Apuraç&atilde;o de oferta de missa dia 29/04/12.', 'dinheiro', 70.2, 'S', 'S'),
(141, 6, '2012-04-29', 1, 3, 'Apuraç&atilde;o de oferta de dízimo dia 29/04/12.', 'cheque', 735, 'S', 'S'),
(143, 6, '2012-04-30', 3, 24, 'Pago Madesubal conforme cupom fiscal.', 'dinheiro', 21, 'S', 'S'),
(144, 6, '2012-04-30', 3, 16, 'Pago funcionário referente Abril/12.', 'dinheiro', 374.43, 'S', 'S'),
(145, 6, '2012-04-30', 3, 22, 'Pago Comercial Braizer LTDA referente a cópias no m&ecirc;s de março/12 e abril/12.', 'dinheiro', 8.2, 'S', 'S'),
(146, 6, '2012-04-30', 3, 22, 'Pago Comercial Braizer LTDA referent aquisiç&atilde;o de papel xamex e caderno.', 'dinheiro', 18, 'S', 'S'),
(147, 6, '2012-04-12', 4, 18, 'Pago débito automático Cesan referente Março/12.', 'débito automático', 15.62, 'S', 'S'),
(148, 6, '2012-04-03', 4, 26, 'Repasse fundo paroquial referente março/12 conforme cheque 001043.', 'cheque', 3054.6, 'S', 'S'),
(149, 6, '2012-04-03', 4, 20, 'Pago Comercial Amércia Produtos de Limpeza conforme cheque 001044.', 'cheque', 225.44, 'S', 'S'),
(150, 6, '2012-04-03', 4, 22, 'Pago Eletrolândia Comercio de Eletrônivcos LTDA conforme cheque 001045.', 'cheque', 229.86, 'S', 'S'),
(151, 6, '2012-04-30', 4, 19, 'Consumo de energia referente março/12.', 'débito automático', 112.51, 'S', 'S'),
(152, 9, '2012-04-29', 8, 3, 'Apuraç&atilde;o de oferta para construç&atilde;o.', 'dinheiro', 9, 'S', 'S'),
(154, 10, '2012-04-01', 13, 3, 'Apuraç&atilde;o de Coleta Especial', 'Dinheiro', 173.95, 'S', 'S'),
(155, 10, '2012-04-03', 3, 18, 'Pagamento Cesan', 'Dinheiro', 30.92, 'S', 'S'),
(156, 10, '2012-04-03', 3, 26, 'Repasse Fundo Paroquial Coleta Especial', 'Dinheiro', 173.95, 'S', 'S'),
(157, 10, '2012-04-05', 3, 5, 'Velas Para Pastoral Liturgica', 'Dinheiro', 50.96, 'S', 'S'),
(158, 10, '2012-04-06', 1, 3, 'Apuraç&atilde;o de Dízimos', 'Dinheiro', 790, 'S', 'S'),
(159, 10, '2012-04-06', 31, 3, 'Coleta Especial', 'Dinheiro', 155.65, 'S', 'S'),
(160, 10, '2012-04-08', 1, 3, 'Apuraç&atilde;o de Dízimos', 'Dinheiro', 1374, 'S', 'S'),
(161, 10, '2012-04-08', 2, 3, 'Apuraç&atilde;o de Ofertas de Missa', 'Dinheiro', 103.5, 'S', 'S'),
(162, 10, '2012-04-10', 32, 26, 'Repasse Fundo Paroquial', 'Cheque', 2608.78, 'S', 'S'),
(163, 10, '2012-04-10', 32, 26, 'Repasse Oferta Especifica Lugares Santos, Conforme cheque número : 000134', 'Cheque', 155.65, 'S', 'S'),
(164, 10, '2012-04-10', 32, 27, 'Repasse Centro de Formaç&atilde;o, conforme cheque número: 000136', 'Cheque', 26.09, 'S', 'S'),
(165, 10, '2012-04-11', 3, 32, 'Deposito Valor da Venda do livro Cantai', 'Cheque', 624, 'S', 'S'),
(166, 10, '2012-04-11', 3, 32, 'Tranferencia', 'Dinheiro', 1850, 'S', 'S'),
(168, 10, '2012-04-15', 1, 3, 'Apuraç&atilde;o de Dízimos', 'Dinheiro', 397, 'S', 'S'),
(169, 10, '2012-04-15', 2, 3, 'Apuraç&atilde;o de Ofertas de Missa', 'Dinheiro', 27, 'S', 'S'),
(170, 10, '2012-04-17', 3, 22, 'Material para Pastoral Catequetica', 'Dinheiro', 104.45, 'S', 'S'),
(171, 10, '2012-04-18', 3, 32, 'Transferencia ', 'Cheque', 160, 'S', 'S'),
(172, 10, '2012-04-18', 3, 19, 'Pagamento Escelsa', 'Dinheiro', 91.94, 'S', 'S'),
(173, 10, '2012-04-22', 1, 3, 'Apuraç&atilde;o de Dízimos', 'Dinheiro', 835, 'S', 'S'),
(174, 10, '2012-04-22', 2, 3, 'Apuraç&atilde;o de Ofertas de Missa', 'Dinheiro', 60.6, 'S', 'S'),
(175, 10, '2012-04-26', 3, 24, 'Reforma do Templo', 'Dinheiro', 1071.8, 'S', 'S'),
(176, 10, '2012-04-26', 3, 22, 'Material para Pastoral Catequetica', 'Dinheiro', 127.96, 'S', 'S'),
(177, 10, '2012-04-29', 1, 3, 'Apuraç&atilde;o de Dízimos', 'Dinheiro', 150, 'S', 'S'),
(178, 10, '2012-04-29', 2, 3, 'Apuraç&atilde;o de Ofertas de Missa', 'Dinheiro', 107.25, 'S', 'S'),
(179, 10, '2012-04-30', 3, 22, 'Material para Pastoral Catequetica', 'Dinheiro', 78, 'S', 'S'),
(180, 10, '2012-04-12', 32, 28, 'Taxa Bancaria', 'Dinheiro', 0.55, 'S', 'S'),
(181, 10, '2012-04-11', 3, 32, 'Transferencia', 'Dinheiro', 900, 'S', 'S'),
(183, 11, '2012-01-08', 1, 3, 'Apuraç&atilde;o de Dízimos', 'Dinheiro', 1434.5, 'S', 'S'),
(184, 11, '2012-01-08', 2, 3, 'Apuraç&atilde;o de Ofertas de Missas', 'Dinheiro', 49.9, 'S', 'S'),
(185, 11, '2012-01-15', 1, 3, 'Apuraç&atilde;o de Dízimos', 'Dinheiro', 773, 'S', 'S'),
(186, 11, '2012-01-15', 2, 3, 'Apuraç&atilde;o de Ofertas de Missa', 'Dinheiro', 85.85, 'S', 'S'),
(187, 11, '2012-01-22', 1, 3, 'Apuraç&atilde;o de Dízimos', 'Dinheiro', 880, 'S', 'S'),
(188, 11, '2012-01-22', 2, 3, 'Apuraç&atilde;o de Ofertas de Missa', 'Dinheiro', 49.95, 'S', 'S'),
(189, 11, '2012-01-29', 1, 3, 'Apuraç&atilde;o de Dízimos', 'Dinheiro', 485, 'S', 'S'),
(190, 11, '2012-01-29', 2, 3, 'Apuraç&atilde;o de Ofertas de Missa', 'Dinheiro', 81.55, 'S', 'S'),
(191, 11, '2012-01-09', 3, 18, 'Pagamento Cesan', 'Dinheiro', 32, 'S', 'S'),
(192, 11, '2012-01-13', 3, 26, 'Repasse Fundo Paroquial', 'Dinheiro', 2801.45, 'S', 'S'),
(193, 11, '2012-01-13', 3, 27, 'Repasse Centro de Formaç&atilde;o', 'Dinheiro', 28.01, 'S', 'S'),
(194, 11, '2012-01-27', 3, 24, 'Material para Reforma do Templo', 'Dinheiro', 1369.8, 'S', 'S'),
(195, 11, '2012-01-16', 3, 19, 'Pagamento Escelsa', 'Dinheiro', 87.68, 'S', 'S'),
(196, 11, '2012-01-13', 3, 20, 'Material Limpeza', 'Dinheiro', 33.66, 'S', 'S'),
(197, 12, '2012-02-05', 1, 3, 'Apuraç&atilde;o de Dízimos', 'Dinheiro', 884.5, 'S', 'S'),
(198, 12, '2012-02-05', 2, 3, 'Apuraç&atilde;o de Ofertas de Missa', 'Dinheiro', 38.9, 'S', 'S'),
(199, 12, '2012-02-12', 1, 3, 'Apuraç&atilde;o de Dízimos', 'Dinheiro', 1465, 'S', 'S'),
(200, 12, '2012-02-12', 2, 3, 'Apuraç&atilde;o de Ofertas de Missa', 'Dinheiro ', 91.5, 'S', 'S'),
(201, 12, '2012-02-19', 1, 3, 'Apuraç&atilde;o de Dízimos', 'Dinheiro ', 700, 'S', 'S'),
(202, 12, '2012-02-19', 2, 3, 'Apuraç&atilde;o de Ofertas de Missa', 'Dinheiro', 41.4, 'S', 'S'),
(203, 12, '2012-02-26', 1, 3, 'Apuraç&atilde;o de Dízimos', 'Dinheiro ', 680, 'S', 'S'),
(204, 12, '2012-02-26', 2, 3, 'Apuraç&atilde;o de Ofertas de Missa', 'Dinheiro', 167.65, 'S', 'S'),
(205, 12, '2012-02-01', 3, 5, 'Material Litúrgico', 'Dinheiro', 80, 'S', 'S'),
(206, 12, '2012-02-07', 3, 22, 'Compra CD Campanha da Fraternidade', 'Dinheiro', 21, 'S', 'S'),
(207, 12, '2012-02-12', 3, 26, 'Repasse Fundo Paroquial', 'Dinheiro', 1919.88, 'S', 'S'),
(208, 12, '2012-02-12', 3, 27, 'Repasse Centro de Formaç&atilde;o', 'Dinheiro', 19.2, 'S', 'S'),
(209, 12, '2012-02-12', 3, 19, 'Pagamento Escelsa', 'Dinheiro', 59.6, 'S', 'S'),
(210, 12, '2012-02-09', 3, 18, 'Pagamento Cesan', 'Dinheiro ', 30.22, 'S', 'S'),
(211, 12, '2012-02-13', 3, 24, 'Manutenç&atilde;o do Templo e Anexos', 'Dinheiro', 340, 'S', 'S'),
(212, 12, '2012-02-13', 3, 24, 'Manutenç&atilde;o de Templo e Anexos', 'Dinheiro', 120.8, 'S', 'S'),
(213, 12, '2012-02-22', 3, 24, 'Aquisiç&atilde;o de Fotocelula', 'Dinheiro', 18.9, 'S', 'S'),
(214, 12, '2012-02-27', 3, 24, 'Aquisiç&atilde;o de Tinta/Bloco ', 'Dinheiro ', 559.08, 'S', 'S'),
(215, 12, '2012-02-22', 3, 24, 'Aquisiç&atilde;o de Luminarias Para Sala de Catequese', 'Dinheiro', 113, 'S', 'S'),
(216, 12, '2012-02-14', 3, 5, 'Aquisiç&atilde;o de Livro Cantai', 'Dinheiro', 80, 'S', 'S'),
(217, 12, '2012-02-28', 3, 5, 'Aquisiç&atilde;o Livro Cantai', 'Dinheiro', 168, 'S', 'S'),
(218, 12, '2012-02-29', 3, 24, 'Material Reforma para Salas de Catequese', 'Dinheiro', 319.76, 'S', 'S'),
(219, 13, '2012-03-04', 1, 3, 'Apuraç&atilde;o de Dízimos', 'Dinheiro', 1496, 'S', 'S'),
(220, 13, '2012-03-04', 2, 3, 'Apuraç&atilde;o de Ofertas de Missa', 'Dinheiro', 58.3, 'S', 'S'),
(221, 13, '2012-03-11', 1, 3, 'Apuraç&atilde;o de Dízimos', 'Dinheiro', 1801.5, 'S', 'S'),
(222, 13, '2012-03-11', 2, 3, 'Apuraç&atilde;o de Ofertas de Missa', 'Dinheiro', 128.51, 'S', 'S'),
(223, 13, '2012-03-18', 1, 3, 'Apuraç&atilde;o de Dízimos', 'Dinheiro', 785, 'S', 'S'),
(224, 13, '2012-03-18', 2, 3, 'Apuraç&atilde;o de Ofertas de Missa', 'Dinheiro ', 60.6, 'S', 'S'),
(225, 13, '2012-03-25', 1, 3, 'Apuraç&atilde;o de Dízimos', 'Dinheiro', 741, 'S', 'S'),
(226, 13, '2012-03-25', 2, 3, 'Apuraç&atilde;o de Ofertas de Missa', 'Dinheiro ', 146.65, 'S', 'S'),
(227, 13, '2012-03-01', 3, 24, 'Tinta para Sala de Catequese', 'Dinheiro', 16.73, 'S', 'S'),
(228, 13, '2012-03-03', 3, 21, 'Cópias/Xerox Agenda Comunidade Nossa Senhora da Penha', 'Dinheiro', 16.5, 'S', 'S'),
(229, 13, '2012-03-15', 3, 18, 'Pagamento Cesan', 'Dinheiro', 33.47, 'S', 'S'),
(230, 13, '2012-03-05', 3, 22, 'Material Sala de Catequese', 'Dinheiro', 142.78, 'S', 'S'),
(231, 13, '2012-03-13', 3, 26, 'Repasse Fundo Paroquial', 'Dinheiro', 2036.48, 'S', 'S'),
(232, 13, '2012-03-13', 3, 27, 'Repasse Centro de Formaç&atilde;o', 'Dinheiro', 20.36, 'S', 'S'),
(233, 13, '2012-03-13', 3, 6, 'Cess&atilde;o Direito Anti-Vírus', 'Dinheiro', 71.42, 'S', 'S'),
(234, 13, '2012-03-13', 3, 19, 'Pagamento Escelsa', 'Dinheiro', 110.69, 'S', 'S'),
(235, 13, '2012-03-15', 3, 22, 'Cabo Para Viol&atilde;o', 'Dinheiro', 23, 'S', 'S'),
(236, 13, '2012-03-26', 3, 5, 'Vela Cirio Pascal', 'Dinheiro', 40, 'S', 'S'),
(237, 13, '2012-03-15', 3, 24, 'Material Para Sala da Catequese', 'Dinheiro', 229, 'S', 'S'),
(238, 13, '2012-03-15', 3, 22, 'Material para Pastoral do Dízimo', 'Dinheiro', 10, 'S', 'S'),
(239, 13, '2012-03-22', 32, 24, 'Material para Reforma do Templo', 'Cheque', 2665.6, 'S', 'S'),
(240, 13, '2012-03-15', 3, 24, 'Material Para Reforma do Templo', 'Dinheiro', 200, 'S', 'S'),
(241, 13, '2012-03-27', 3, 24, 'Material para Reforma do Templo', 'Dinheiro', 846.5, 'S', 'S'),
(242, 13, '2012-03-05', 3, 32, 'Transferencia', 'Cheque', 420, 'S', 'S'),
(243, 13, '2012-03-12', 3, 32, 'Transferencia', 'Cheque', 600, 'S', 'S'),
(244, 13, '2012-03-20', 3, 32, 'Transferencia', 'Cheque', 130, 'S', 'S'),
(245, 13, '2012-03-26', 3, 32, 'Transferencia', 'Cheque', 100, 'S', 'S'),
(246, 10, '2012-04-01', 1, 3, 'Apuraç&atilde;o de dízimo.', 'dinheiro', 595, 'S', 'S'),
(247, 10, '2012-04-02', 3, 23, 'Compra de túnica para Diácono Carlos José.', 'dinheiro', 280.53, 'S', 'S'),
(248, 15, '2012-01-01', 1, 3, 'Demonstrativo n&ordm; 24342-Apuraç&atilde;o de dízimos', 'Dinheiro', 140, 'S', 'S'),
(249, 16, '2012-05-06', 1, 3, 'Apuraç&#227;o de Dízimos', 'Dinheiro', 1551, 'S', 'S'),
(250, 16, '2012-05-06', 2, 3, 'Apuraç&#227;o de Ofertas de Missa', 'Dinheiro', 62.75, 'S', 'S'),
(251, 15, '2012-01-01', 2, 3, 'Demonstrativo n&ordm; 24342- Apuraç&atilde;o de of. de missa/celebraç&atilde;o ', 'Dinheiro', 6, 'S', 'S'),
(252, 16, '2012-05-13', 1, 3, 'Apuraç&#227;o de Dízimos', 'Dinheiro', 997, 'S', 'S'),
(253, 16, '2012-05-13', 2, 3, 'Apuraç&#227;o de Ofertas de Missa', 'Dinheiro', 120.8, 'S', 'S'),
(254, 16, '2012-05-20', 1, 3, 'Apuraç&#227;o de Dízimos', 'Dinheiro', 1507, 'S', 'S'),
(255, 16, '2012-05-20', 2, 3, 'Apuraç&#227;o de Ofertas de Missa', 'Dinheiro', 291.35, 'S', 'S'),
(256, 15, '2012-01-03', 3, 17, 'Enc. sociais Ana A. O. Sartório rec.4147 ', 'Dinheiro', 167.15, 'S', 'S'),
(257, 16, '2012-05-27', 1, 3, 'Apuraç&#227;o de Dízimos', 'Dinheiro', 642, 'S', 'S'),
(258, 16, '2012-05-27', 2, 3, 'Apuraç&#227;o de Ofertas de Missa', 'Dinheiro', 37.15, 'S', 'S'),
(259, 15, '2012-01-03', 3, 17, 'Tx exames méd. Ana A.O.Sartório r. 4146		', 'Dinheiro', 35.25, 'S', 'S'),
(260, 15, '2012-01-03', 3, 16, 'Pgto Ana Amélia O. Sartório m&ecirc;s 12/2011		', 'Dinheiro', 463.31, 'S', 'S'),
(261, 16, '2012-05-22', 3, 32, 'Depósito de Cheque do Sorteio de 13/05/2012', 'Cheque', 660, 'S', 'S'),
(262, 15, '2012-01-03', 3, 16, 'Pgto férias 2011 A. Amélia  O. Sartório	', 'Dinheiro', 635.64, 'S', 'S'),
(263, 15, '2012-01-05', 3, 27, 'Man. centro formaç&atilde;o m&ecirc;s 12/11 rec.4148		', 'Dinheiro', 54.48, 'S', 'S'),
(264, 16, '2012-05-02', 3, 22, 'Compra de Microfones para Equipe de Canto', 'Dinheiro', 410, 'S', 'S'),
(265, 16, '2012-05-02', 3, 5, 'Compra de Crucifixo para Pastoral Liturgica', 'Dinheiro', 578, 'S', 'S'),
(266, 15, '2012-01-05', 33, 26, 'Recebido ch. Banestes n&ordm; 000882	\r\n', 'Cheque ', 5448.25, 'S', 'S'),
(267, 16, '2012-05-07', 3, 18, 'Pagamento Cesan', 'Dinheiro', 34.45, 'S', 'S'),
(268, 16, '2012-05-07', 3, 22, 'Material para Pastoral do Dízimo', 'Dinheiro', 36.26, 'S', 'S'),
(269, 16, '2012-05-14', 32, 26, 'Depósito em Cheque Para Fundo Paroquial', 'Cheque', 2219.68, 'S', 'S'),
(270, 15, '2012-01-08', 1, 3, 'Demonstrativo n&ordm; 24343- Apuraç&atilde;o de dízimos  	', 'Dinheiro', 3062, 'S', 'S'),
(271, 16, '2012-05-14', 32, 27, 'Depósito para Centro de Formaç&#227;o', 'Cheque', 22.19, 'S', 'S'),
(272, 15, '2012-01-08', 2, 3, 'Demonstrativo n&ordm; 24343- Apuraç&atilde;o de of. de missa/celebraç&atilde;o ', 'Dinheiro', 127.2, 'S', 'S'),
(273, 16, '2012-05-17', 3, 5, 'Serviço de Bordados em Toalha', 'Dinheiro', 24, 'S', 'S'),
(274, 16, '2012-05-16', 3, 5, 'Compra de Cartiçal para Pastoral Litúrgica', 'Dinheiro', 139, 'S', 'S'),
(275, 16, '2012-05-11', 3, 22, 'Compra de Bateria para Microfone Sem Fio', 'Dinheiro', 24, 'S', 'S'),
(276, 16, '2012-05-15', 3, 24, 'Material para Reforma do Templo', 'Dinheiro', 133.84, 'S', 'S'),
(277, 16, '2012-05-22', 3, 24, 'Material para Reforma do Templo (Arandela)', 'Dinheiro', 340, 'S', 'S'),
(278, 16, '2012-05-15', 3, 22, 'Material para Pastoral Catequetica', 'Dinheiro', 37.25, 'S', 'S'),
(279, 16, '2012-05-15', 3, 24, 'Compra de Portas de Vidro (Reforma)', 'Dinheiro', 2360, 'S', 'S'),
(280, 16, '2012-05-28', 3, 19, 'Pagamento Escelsa', 'Dinheiro', 70.89, 'S', 'S'),
(281, 15, '2012-01-09', 3, 5, 'Malha Textil Com.de tec. Ltda Danfe 019		', 'Dinheiro', 133.37, 'S', 'S'),
(282, 16, '2012-05-18', 3, 22, 'Compra de Flores para 1&#170;Eucaristia', 'Dinheiro', 186, 'S', 'S'),
(284, 17, '2012-05-28', 3, 21, 'Papelaria Monteiro NF 1721', 'Dinheiro', 12.4, 'S', 'S'),
(285, 17, '2012-05-28', 3, 22, 'Padaria MCI NF 2050- Lanche p/ Aç&atilde;o Solidária da Paroq. Sta M&atilde;e de Deus. ', 'Dinheiro', 70, 'S', 'S'),
(286, 17, '2012-05-28', 3, 21, 'Gráfica e Ed. Canela Verde NF 5292. Bloco p/ aç&atilde;o entre amigos.', 'Dinheiro', 85, 'S', 'S'),
(287, 17, '2012-05-24', 3, 23, 'Doaç&atilde;o p/ custear despesas da aç&atilde;o solidária da Paroq. SMD. em 26/05/2012', 'Dinheiro', 100, 'S', 'S'),
(288, 17, '2012-05-25', 3, 5, 'Holambelo Vit. flores e plantas NFe 007.524 (flores)', 'Dinheiro', 300, 'S', 'S'),
(289, 17, '2012-05-22', 3, 22, 'Melissa Louvatti M. das flores CF 3627(lembrança do Batismo).', 'Dinheiro', 22.5, 'S', 'S'),
(290, 17, '2012-05-19', 3, 22, 'Porto Novo Supermercados NFe 1.449 (cestas básicas)', 'Dinheiro', 803.4, 'S', 'S'),
(291, 17, '2012-05-18', 3, 33, 'Depósito Banestes CC 1618701 (Comiss&atilde;o aç&atilde;o entre amigos PSMD/S&atilde;o Lucas- C.F.', 'Cheque', 960, 'S', 'S'),
(295, 17, '2012-05-14', 3, 5, 'MDC Livraria Cordis NFe n&ordm; 4.451(Coroa do Advento)		\r\n', 'Dinheiro', 135, 'S', 'S'),
(296, 17, '2012-05-13', 1, 3, 'Demonstrativo n&ordm; 24364-apuraç&atilde;o de dízimo  ', 'Dinheiro', 1735, 'S', 'S'),
(297, 17, '2012-05-13', 2, 3, 'Demonstrativo n&ordm; 24364-apuraç&atilde;o de oferta de missa/celebraç&atilde;o.', 'Dinheiro', 186.1, 'S', 'S'),
(298, 17, '2012-05-12', 3, 22, 'Loj&atilde;o dos doces Ltda Me NF. N&ordm; 4236(Montagem da cesta de chocolate p/ aç&atilde;o entre amigos/Chá dos avós)		', 'Dinheiro', 67.18, 'S', 'S'),
(299, 17, '2012-05-12', 3, 22, 'Porto Novo Supermercados NFe n&ordm; 1.415 (montagem cesta de choc. p/ aç&atilde;o entre amigos/ cha dos avós)		', 'Dinheiro', 8.85, 'S', 'S'),
(300, 17, '2012-05-08', 3, 33, 'Depósito Banestes CC 1618701.', 'Dinheiro', 2500, 'S', 'S'),
(301, 17, '2012-05-08', 3, 5, 'Pia Sociedade de S&atilde;o Paulo NFe n&ordm; 2675 (Ritual do matrimónio)		', 'Dinheiro', 299.9, 'S', 'S'),
(302, 17, '2012-05-03', 3, 5, 'D&A Dec. e Art. Litúrgico Ltda NFe n&ordm; 3263(Âmbula)		', 'Dinheiro', 903, 'S', 'S'),
(303, 17, '2012-05-03', 3, 22, 'Papelaria Rainha Ltda NFe n&ordm; 1.733 (Lembrança dia das m&atilde;es)		', 'Dinheiro', 170, 'S', 'S'),
(304, 17, '2012-05-03', 3, 27, 'Repasse Centro de formaç&atilde;o m&ecirc;s 04/2012 rec. 3614		', 'Dinheiro', 45.8, 'S', 'S'),
(305, 17, '2012-05-03', 3, 17, 'Enc.sociais Ana A O.Sartório m&ecirc;s 04/12 r. 3613		', 'Dinheiro', 175.51, 'S', 'S'),
(306, 17, '2012-05-03', 3, 26, 'Fundo paroquial m&ecirc;s 04/2012 recibo n&ordm; 3612		', 'Dinheiro', 4580.82, 'S', 'S'),
(308, 17, '2012-05-03', 3, 16, 'Pgto Ana Amélia O. Sartório m&ecirc;s 04/2012		', 'Dinheiro', 486.47, 'S', 'S'),
(309, 17, '2012-05-02', 3, 5, 'Pia Soc. de S&atilde;o Paulo CF 15040 (partículas)		', 'Dinheiro', 17.2, 'S', 'S'),
(310, 17, '2012-05-06', 1, 3, 'Demonstrativo n&ordm; 24363-apuraç&atilde;o de dízimo. 	', 'Dinheiro', 3295, 'S', 'S'),
(311, 17, '2012-05-06', 1, 3, 'Demonstrativo n&ordm; 24363-apuraç&atilde;o de dízimo.  ', 'Cheque', 120, 'S', 'S'),
(312, 17, '2012-05-06', 2, 3, 'Demonstrativo n&ordm; 24363-apuraç&atilde;o de oferta de missa/celebraç&atilde;o.', 'Dinheiro', 106.75, 'S', 'S'),
(313, 17, '2012-05-20', 1, 3, 'Demonstrativo n&ordm; 24367-apuraç&atilde;o de dízimo.', 'Dinheiro', 772, 'S', 'S'),
(314, 17, '2012-05-20', 2, 3, 'Demonstrativo n&ordm; 24367-apuraç&atilde;o oferta de missa/celebraç&atilde;o.', 'Dinheiro', 143, 'S', 'S'),
(315, 17, '2012-05-27', 1, 3, 'Demonstrativo n&ordm; 24368-apuraç&atilde;o de dízimo.', 'Dinheiro', 1905, 'S', 'S'),
(316, 17, '2012-05-27', 1, 3, 'Demonstrativo n&ordm; 24368-apuraç&atilde;o de dízimo.', 'Cheque', 400, 'S', 'S'),
(317, 17, '2012-05-27', 2, 3, 'Demonstrativo n&ordm; 24368-apuraç&atilde;o de oferta de missa/celebraç&atilde;o.', 'Dinheiro', 225, 'S', 'S'),
(318, 17, '2012-05-09', 33, 18, 'Pagamento Cesan ref. 04/12.', 'débito automático', 52.3, 'S', 'S'),
(319, 17, '2012-05-31', 33, 19, 'Pagamento Escelsa ref. 05/12.', 'débito automático', 227.14, 'S', 'S'),
(320, 17, '2012-05-31', 35, 34, 'Rendimento de aplicaç&atilde;o financeira Banestes 05/12.', 'Débito/crédito ', 65.13, 'S', 'S'),
(321, 6, '2012-04-01', 13, 3, 'Apuraç&atilde;o oferta específica coleta da solidariedade.', 'Dinheiro', 236, 'S', 'S'),
(322, 17, '2012-05-30', 3, 23, 'José Maurício Pereira Caldana CF 000727 (Doaç&atilde;o p/ Carlos José).', 'Dinheiro', 123.5, 'S', 'S'),
(323, 16, '2012-05-29', 3, 24, 'Compra de material para obra do templo.', 'Dinheiro', 849.39, 'S', 'S'),
(325, 18, '2012-03-05', 37, 68, 'Recebimento do Fundo Paroquial 02/2012.', 'Dinheiro', 3886.35, 'S', 'S'),
(326, 18, '2012-03-05', 38, 68, 'Recebimento do Fundo Paroquial 02/2012.', 'Dinheiro', 1781.12, 'S', 'S'),
(327, 18, '2012-03-05', 39, 68, 'Recebimento do Fundo Paroquial 02/2012.', 'Dinheiro', 1397, 'S', 'S'),
(328, 18, '2012-03-05', 40, 68, 'Recebimento do Fundo Paroquial 02/2012.', 'Dinheiro', 848.45, 'S', 'S'),
(329, 18, '2012-03-05', 41, 68, 'Recebimento do Fundo Paroquial 02/2012.', 'Dinheiro', 2036.48, 'S', 'S'),
(330, 18, '2012-03-05', 42, 68, 'Recebimento do Fundo Paroquial 02/2012.', 'Dinheiro', 3524.95, 'S', 'S'),
(331, 18, '2012-03-05', 43, 68, 'Recebimento do Fundo Paroquial 02/2012.', 'Dinheiro', 3427.1, 'S', 'S'),
(332, 18, '2012-03-05', 44, 68, 'Recebimento do Fundo Paroquial 02/2012.', 'Dinheiro', 17543.12, 'S', 'S'),
(333, 18, '2012-03-05', 54, 68, 'Recebimento de Encargos Socias 02/2012.', 'Dinheiro', 839.95, 'S', 'S'),
(334, 18, '2012-03-05', 57, 68, 'Recebimento de Encargos Socias 02/2012.', 'Dinheiro', 175.51, 'S', 'S'),
(335, 18, '2012-03-05', 60, 68, 'Recebimento de Encargos Socias 02/2012.', 'Dinheiro', 181.08, 'S', 'S'),
(336, 18, '2012-03-05', 53, 68, 'Recebimento de Encargos Socias 02/2012.', 'Dinheiro', 183.85, 'S', 'S'),
(337, 18, '2012-03-05', 69, 68, 'Recebimento de Encargos Socias 02/2012.', 'Dinheiro', 393.02, 'S', 'S'),
(338, 18, '2012-03-05', 69, 68, 'Recebimento de Encargos Socias 12/2011.', 'Dinheiro', 428.77, 'S', 'S'),
(339, 18, '2012-03-05', 52, 68, 'Repasse para o Centro de Formaç&atilde;o 01 e 02/2012.', 'Dinheiro', 65, 'S', 'S'),
(340, 18, '2012-03-05', 47, 68, 'Repasse para o Centro de Formaç&atilde;o 02/2012.', 'Dinheiro', 14, 'S', 'S'),
(341, 18, '2012-03-05', 50, 68, 'Repasse para o Centro de Formaç&atilde;o 02/2012.', 'Dinheiro', 175.43, 'S', 'S'),
(342, 18, '2012-03-05', 48, 68, 'Repasse para o Centro de Formaç&atilde;o 02/2012.', 'Dinheiro', 38.86, 'S', 'S'),
(343, 18, '2012-03-05', 49, 68, 'Repasse para o Centro de Formaç&atilde;o 02/2012.', 'Dinheiro', 17.81, 'S', 'S'),
(344, 18, '2012-03-05', 45, 68, 'Repasse para o Centro de Formaç&atilde;o 02/2012.', 'Dinheiro', 20.36, 'S', 'S'),
(345, 18, '2012-03-05', 51, 68, 'Repasse para o Centro de Formaç&atilde;o 02/2012.', 'Dinheiro', 35.24, 'S', 'S'),
(346, 18, '2012-03-05', 46, 68, 'Repasse para o Centro de Formaç&atilde;o 03 &agrave; 12/2011 + 01/2012.', 'Dinheiro', 0, 'S', 'S'),
(347, 18, '2012-03-05', 15, 68, 'Venda de óleo.', 'Dinheiro', 30, 'S', 'S'),
(348, 18, '2012-03-05', 68, 36, 'Pagamento Consórcio Carro. Cheque 6415.', 'Cheque', 749.67, 'S', 'S'),
(349, 18, '2012-03-01', 68, 16, 'Salário de Rosangela Maria. Cheque 6447.', 'Cheque', 622.38, 'S', 'S'),
(350, 18, '2012-03-01', 68, 17, 'Encargos Socias 02/12. Cheque 6448.', 'Cheque', 4212.52, 'S', 'S'),
(351, 18, '2012-03-02', 68, 16, 'Salário Emílio Tadeu. Cheque 6449.', 'Cheque', 1061.5, 'S', 'S'),
(352, 18, '2012-03-02', 68, 16, 'Pagamento de Côngruas. Cheque 6450.', 'Cheque', 3444.45, 'S', 'S'),
(353, 18, '2012-03-09', 68, 36, 'Combustível. Cheque 6451.', 'Cheque', 97, 'S', 'S'),
(354, 18, '2012-03-13', 68, 17, 'Enc. da Pastoral familiar. Cheque 6452.', 'Cheque', 60, 'S', 'S'),
(355, 18, '2012-03-15', 68, 36, 'Pagamento Ticket Alimentaç&atilde;o + Anti-Vírus. Cheque 6455.', 'Cheque', 515.82, 'S', 'S'),
(356, 18, '2012-03-15', 68, 17, 'Pagamento Inss Padre + Caminhada + Circ. Bíblico. Cheque 6456.', 'Cheque', 1239.15, 'S', 'S'),
(357, 18, '2012-03-21', 68, 21, 'Pagamento Papelaria. Cheque 6457.', 'Cheque', 178.5, 'S', 'S'),
(358, 18, '2012-03-19', 68, 36, 'Pagemento Casa Paroquial + Doaç&atilde;o. Cheque 6458.', 'Cheque', 182.6, 'S', 'S'),
(359, 18, '2012-03-27', 68, 25, 'Pagamento Escada de alumínio. Cheque 6459.', 'Cheque', 93.6, 'S', 'S'),
(360, 18, '2012-03-20', 68, 21, 'Pagamento Papelaria. Cheque 6460.', 'Cheque', 110.9, 'S', 'S'),
(361, 18, '2012-03-19', 68, 70, 'Depósito poupança. Cheque 6461.', 'Cheque', 45000, 'S', 'S'),
(362, 18, '2012-03-20', 68, 36, 'Mitra + F. Presb. + Seminário + Fundaç&atilde;o. Cheque 6462.', 'Cheque', 8596.36, 'S', 'S'),
(363, 18, '2012-03-20', 68, 36, 'Combustível. Cheque 6463.', 'Cheque', 102, 'S', 'S'),
(364, 18, '2012-03-22', 68, 25, 'Pagamento conserto computador. Cheque 6464.', 'Cheque', 120, 'S', 'S'),
(365, 18, '2012-03-22', 68, 17, 'Pagamento Recis&atilde;o Contratual Emílio. Cheque 6465.', 'Cheque', 5322.87, 'S', 'S'),
(366, 18, '2012-03-29', 68, 36, 'Pagamento Área Pastoral + C. Formaç&atilde;o + Centro de Formaç&atilde;o Comunidades 02/2012. Cheque 6467.', 'Cheque', 1116.37, 'S', 'S'),
(367, 18, '2012-03-30', 68, 25, 'Pagamento Mesa de escritório + Arquivo + 02 cadeiras. Cheque 6468.', 'Cheque', 1138, 'S', 'S'),
(368, 17, '2012-05-16', 15, 3, 'Demonstrativo n&ordm; 24366- Recebimento cheque(comiss&atilde;o aç&atilde;o entre amigos PSMD/S&atilde;o Lucas/ C.F.)', 'Cheque', 960, 'S', 'S'),
(369, 6, '2012-04-06', 31, 3, 'Apuraç&atilde;o de oferta específica dos lugares santos.', 'Dinheir', 65.1, 'S', 'S'),
(370, 17, '2012-05-16', 3, 23, 'Alpha Brasil Distrib. CF 049834(Fráldas geriátricas)\r\n', 'Dinheiro', 63.7, 'S', 'S'),
(371, 17, '2012-05-16', 3, 25, 'Politintas Ltda NFe n&ordm; 11.192(pintura da coroa do advento)\r\n', 'Dinheiro', 37, 'S', 'S'),
(374, 17, '2012-05-03', 33, 3, 'Recebido Cheque Banestes n&ordm; 000886', 'Dinheiro', 1700, 'S', 'S'),
(376, 14, '2012-05-02', 3, 27, 'Repasse ao Centro de Formaç&#227;o ref. 04/12.', 'Dinheiro', 28.95, 'S', 'S'),
(377, 14, '2012-05-02', 3, 17, 'Pago encargos socias ref.04/12.', 'Dinheiro', 181.08, 'S', 'S'),
(378, 14, '2012-05-02', 3, 28, 'Pago 2&ordf; parcela de Taxas Municipais.', 'Dinheiro', 24.9, 'S', 'S'),
(379, 14, '2012-05-02', 3, 71, 'Pago Parco Papelaria LTDA, NF 137161.', 'Dinheiro', 14.5, 'S', 'S'),
(380, 14, '2012-05-03', 3, 22, 'Pago Pia Sociedade de S&atilde;o Paulo, cupom fiscal 015138.', 'Dinheiro', 19.75, 'S', 'S'),
(381, 14, '2012-05-03', 3, 22, 'Pago Pia Sociedade S&atilde;o Paul, Cupom Fiscal 015171.', 'Dinheiro', 115, 'S', 'S'),
(382, 14, '2012-05-04', 3, 71, 'Pago Parco Papelaria LTDA, NF 137831.', 'Dinheiro', 47.42, 'S', 'S'),
(383, 14, '2012-05-06', 1, 3, 'Apuraç&atilde;o de dízimo dia 06/05.', 'Dinheiro', 1445, 'S', 'S'),
(384, 14, '2012-05-06', 1, 3, 'Apuraç&atilde;o de dízimo do dia 06/05.', 'Cheque', 150, 'S', 'S'),
(385, 14, '2012-05-06', 2, 3, 'Apuraç&atilde;o de Oferta de Missa do dia 06/05.', 'Dinheiro', 192.1, 'S', 'S'),
(386, 14, '2012-05-07', 3, 4, 'Depósito c/c Banestes.', 'Dinheiro', 1000, 'S', 'S'),
(387, 14, '2012-05-07', 3, 4, 'Depósito c/c Banestes.', 'Cheque', 150, 'S', 'S'),
(388, 14, '2012-05-09', 3, 22, 'Pago Fio a fio Comercial LTDA, NF 000.201.836.', 'Dinheiro', 9.9, 'S', 'S'),
(389, 14, '2012-05-09', 3, 22, 'Pago Loj&atilde;o do Doces LTDA ME, Cupom Fiscal 072650.', 'Dinheiro', 14.97, 'S', 'S'),
(390, 14, '2012-05-09', 3, 22, 'DMA Distribuidora S.A, NF 4845.', 'Dinheiro', 51.58, 'S', 'S'),
(391, 14, '2012-05-13', 1, 3, 'Apuraç&atilde;o de dízimo do dia 13/05.', 'Dinheiro', 960, 'S', 'S'),
(392, 14, '2012-05-13', 1, 3, 'Apuraç&atilde;o de dízimo do dia 13/05.', 'Cheque', 450, 'S', 'S'),
(393, 14, '2012-05-13', 2, 3, 'Apuraç&atilde;o de Oferta de Missa do dia 13/05.', 'Dinheiro', 108.25, 'S', 'S'),
(394, 14, '2012-05-15', 3, 4, 'Depósito c/c Banestes.', 'Dinheiro', 1068.25, 'S', 'S'),
(395, 14, '2012-05-15', 3, 4, 'Depósito c/c Banestes.', 'Cheque', 450, 'S', 'S'),
(396, 14, '2012-05-12', 3, 22, 'Pago Padaria MCI LTDA ME, Cupom Fiscal 001681.', 'Dinheiro', 55.98, 'S', 'S'),
(397, 14, '2012-05-17', 3, 22, 'Pago Copiadora Luan.', 'Dinheiro', 8, 'S', 'S'),
(398, 14, '2012-05-19', 3, 22, 'Pago Padaria MCI LTDA ME, Cupom Fiscal 001803.', 'Dinheiro', 58.84, 'S', 'S'),
(399, 14, '2012-05-20', 1, 3, 'Apuraç&atilde;o de dízimo do dia 20/05.', 'Dinheiro', 295, 'S', 'S'),
(400, 14, '2012-05-20', 2, 3, 'Apuraç&atilde;o de Oferta de Missa do dia 20/05.', 'Dinheiro', 38.8, 'S', 'S'),
(401, 14, '2012-05-21', 3, 22, 'Pago Floricultura Tr&ecirc;s Irm&atilde;os LTDA ME, NF 08039.', 'Dinheiro', 20, 'S', 'S'),
(402, 14, '2012-05-27', 1, 3, 'Apuraç&atilde;o de dízmo do dia 27/05.', 'Dinheiro', 330, 'S', 'S'),
(403, 14, '2012-05-27', 1, 3, 'Apuraç&atilde;o de dízmo do dia 27/05.', 'Cheque', 480, 'S', 'S'),
(404, 14, '2012-05-27', 2, 3, 'Apuraç&atilde;o de Oferta de Missa do dia 27/05.', 'Dinheiro', 81.2, 'S', 'S'),
(405, 14, '2012-05-02', 4, 26, 'Pago Fundo Paroquial ref. 04/12.', 'Cheque', 2895.57, 'S', 'S'),
(406, 14, '2012-05-03', 4, 25, 'Pago Eletro Raio Material Elétrico LTDA ME, ref. Fatura 007125.', 'Cheque', 150.6, 'S', 'S'),
(407, 14, '2012-05-11', 4, 18, 'Débito em Conta Cosumo de &Agrave;gua - Cesan.', 'débito automático', 17.8, 'S', 'S'),
(408, 14, '2012-05-14', 4, 22, 'Valor NF 2046 - Padaria MCI LTDA ME.', 'Cheque', 189, 'S', 'S'),
(409, 14, '2012-05-11', 4, 23, 'Contribuiç&atilde;o para Aç&atilde;o Solidária 2012.', 'Cheque', 150, 'S', 'S'),
(410, 14, '2012-05-31', 4, 19, 'Valor Consumo de Energia ref. 04/12 - Débito Automático.', 'débito automático', 115.38, 'S', 'S'),
(411, 6, '2012-04-27', 3, 72, 'Depósito c/c Banestes.', 'Cheque', 735, 'N', 'S'),
(412, 14, '2012-05-02', 72, 4, 'Depósito Efetivado c/c Banestes.', 'Cheque', 280, 'S', 'S'),
(413, 14, '2012-05-03', 72, 4, 'Depósito Efetivado c/c Banestes.', 'Cheque', 455, 'S', 'S'),
(414, 20, '2012-05-18', 23, 7, 'Valor da Aç&atilde;o Entre Amigos Centro de Formaç&atilde;o.', 'Cheque', 2620, 'S', 'S'),
(416, 16, '2012-05-22', 32, 3, 'Transfer&#234;ncia de Dinheiro', 'Cheque', 2474, 'S', 'S'),
(417, 16, '2012-05-22', 3, 24, 'Material Para Reforma do Templo (Revestimento)', 'Dinheiro', 2474, 'S', 'S'),
(418, 16, '2012-05-08', 3, 32, 'Depósito de Cheque', 'Cheque', 60, 'S', 'S'),
(419, 16, '2012-05-17', 32, 36, 'TR. CH. Valor Inferior', 'Dinheiro', 0.55, 'S', 'S'),
(420, 21, '2012-06-03', 1, 3, 'Apuraç&#227;o de Dízimo', 'Dinheiro', 847, 'S', 'S'),
(421, 21, '2012-06-03', 2, 3, 'Apuraç&#227;o de Ofertas de Missa', 'Dinheiro', 72.85, 'S', 'S'),
(422, 21, '2012-06-10', 1, 3, 'Apuraç&#227;o de Dízimo', 'Dinheiro', 1494, 'S', 'S'),
(423, 21, '2012-06-10', 2, 3, 'Apuraç&#227;o de ofertas de Missa', 'Dinheiro', 94.85, 'S', 'S'),
(424, 21, '2012-06-17', 1, 3, 'Apuraç&#227;o de Dízimo', 'Dinheiro', 865, 'S', 'S'),
(425, 21, '2012-06-17', 2, 3, 'Apuraç&#227;o de Ofertas de Missa', 'Dinheiro', 130.5, 'S', 'S'),
(426, 21, '2012-06-05', 3, 18, 'Pagamento de água &#224; Cesan', 'Dinheiro', 33.47, 'S', 'S'),
(427, 21, '2012-06-16', 3, 5, 'Compra de material Litúrgico', 'Dinheiro', 57, 'S', 'S'),
(428, 21, '2012-06-12', 3, 26, 'Repasse do Fundo Paroquial da Comunidade Nossa Senhora da Penha', 'Dinheiro', 2604.52, 'S', 'S'),
(429, 21, '2012-06-12', 3, 27, 'Repase ao Centro de Formaç&#227;o - Comunidade Nossa Senhora da Penha', 'Dinheiro', 26.04, 'S', 'S'),
(430, 21, '2012-06-18', 3, 19, 'Pagamento de Energia Elétrica a Escelsa - EDP', 'Dinheiro', 109.81, 'S', 'S'),
(431, 21, '2012-06-24', 1, 3, 'Apuraç&#227;o do Dizimo', 'Dinheiro', 645, 'S', 'S'),
(432, 21, '2012-06-24', 2, 3, 'Apuraç&#227;o de Ofertas de Missa', 'Dinheiro', 47.9, 'S', 'S'),
(433, 21, '2012-06-29', 1, 3, 'Apuraç&#227;o de Dízimo', 'Dinheiro', 495, 'S', 'S'),
(434, 21, '2012-06-29', 2, 3, 'Apuraç&#227;o de Ofertas de Missa', 'Dinheiro', 86, 'S', 'S'),
(435, 21, '2012-06-29', 3, 24, 'Compra de material de construç&#227;o para reforma do templo', 'Dinheiro', 865, 'S', 'S'),
(436, 21, '2012-06-29', 3, 5, 'Pagamento de Baner para Campanha do Dizimo', 'Dinheiro', 30, 'S', 'S'),
(437, 22, '2012-06-03', 1, 3, 'Apuraç&atilde;o de dízimo dia 03/06.', 'Dinheiro', 1635, 'S', 'S'),
(438, 22, '2012-06-03', 1, 3, 'Apuraç&atilde;o de dízimo dia 03/06.', 'Cheque', 1155, 'S', 'S'),
(439, 22, '2012-06-03', 2, 3, 'Apuraç&atilde;o de oferta de missa do dia 03/06.', 'Dinheiro', 70.05, 'S', 'S'),
(440, 22, '2012-06-04', 3, 4, 'Depósito c/c Banestes.', 'Dinheiro', 1000, 'S', 'S'),
(441, 22, '2012-06-04', 3, 4, 'Depósito c/c Banestes.', 'Cheque', 1155, 'S', 'S'),
(442, 22, '2012-06-05', 3, 17, 'Pago Encargos Sociais ref. 05/12.', 'Dinheiro', 181.08, 'S', 'S'),
(443, 22, '2012-06-05', 3, 4, 'Depósito c/c Banestes.', 'Dinheiro', 350, 'S', 'S'),
(444, 22, '2012-06-05', 3, 4, 'Depósito c/c Banestes.', 'Cheque', 480, 'S', 'S'),
(445, 22, '2012-06-05', 3, 22, 'Pago Papelaria Monteiro.', 'Dinheiro', 15, 'S', 'S'),
(446, 22, '2012-06-05', 3, 16, 'Pago salário de funcionário ref. 05/12.', 'Dinheiro', 374.43, 'S', 'S'),
(447, 22, '2012-06-06', 3, 27, 'Repasse ao Centro de Formaç&#227;o ref. 05/12.', 'Dinheiro', 22.65, 'S', 'S'),
(448, 22, '2012-06-06', 3, 22, 'Pago Comercial Braizer LTDA ME.', 'Dinheiro', 28, 'S', 'S'),
(449, 22, '2012-06-06', 3, 28, 'Pago 3&ordf; parcela de taxa de lixo.', 'Dinheiro', 24.9, 'S', 'S'),
(450, 22, '2012-06-06', 3, 22, 'Pago Casa Fortaleza Mat. Cons.', 'Dinheiro', 52.8, 'S', 'S'),
(451, 22, '2012-06-06', 3, 22, 'Pago Pia Soc. S&atilde;o Paulo.', 'Dinheiro', 21.6, 'S', 'S'),
(452, 22, '2012-06-09', 3, 24, 'Pago Chaveiro 2 Irm&atilde;os LTDA ME, serviços de cópia de chave. NF 2844.', 'Dinheiro', 40, 'S', 'S'),
(453, 22, '2012-06-09', 3, 24, 'Pago AS Material de Construç&atilde;o LTDA. NF 052708.', 'Dinheiro', 49.95, 'S', 'S'),
(454, 22, '2012-06-10', 1, 3, 'Apuraç&atilde;o de dízimo dia 10/06.', 'Dinheiro', 1095, 'S', 'S'),
(455, 22, '2012-06-10', 1, 3, 'Apuraç&atilde;o de dízimo dia 10/06.', 'Cheque', 170, 'S', 'S'),
(456, 22, '2012-06-10', 2, 3, 'Apuraç&atilde;o de oferta de missa dia 10/06.', 'Dinheiro', 146.65, 'S', 'S'),
(457, 22, '2012-06-11', 3, 4, 'Depósito c/c Banestes.', 'Dinheiro', 600, 'S', 'S'),
(458, 22, '2012-06-11', 3, 4, 'Depósito c/c Banestes.', 'Cheque', 370, 'S', 'S'),
(459, 22, '2012-06-14', 3, 24, 'Pago M&atilde;o Amiga Material de Construç&atilde;o LTDA. NF 1082', 'Dinheiro', 600, 'S', 'S'),
(460, 22, '2012-06-15', 1, 3, 'Apuraç&atilde;o de dízimo dia 15/06.', 'Cheque', 100, 'S', 'S'),
(461, 22, '2012-06-15', 2, 3, 'Apuraç&atilde;o de oferta de missa dia 15/06.', 'Dinheiro', 201.25, 'S', 'S'),
(462, 22, '2012-06-17', 1, 3, 'Apuraç&atilde;o de dízimo dia 17/06.', 'Dinheiro', 320, 'S', 'S'),
(463, 22, '2012-06-17', 1, 3, 'Apuraç&atilde;o de dízimo dia 17/06.', 'Cheque', 140, 'S', 'S'),
(464, 22, '2012-06-17', 2, 3, 'Apuraç&atilde;o de oferta de missa dia 17/06.', 'Dinheiro', 39.2, 'S', 'S'),
(465, 22, '2012-06-18', 3, 4, 'Depósito c/c Banestes.', 'Dinheiro', 777, 'S', 'S'),
(467, 22, '2012-06-21', 3, 22, 'Pago Vidraçaria Biasutti. NF 359.', 'Dinheiro', 39, 'S', 'S'),
(468, 22, '2012-06-21', 3, 71, 'Pago Shopping do Cartuchos LTDA ME. NF 01645. Recarga de cartuchos.', 'Dinheiro', 15, 'S', 'S'),
(469, 22, '2012-06-24', 1, 3, 'Apuraç&atilde;o de dízimo dia 24/06.', 'Dinheiro', 650, 'S', 'S'),
(470, 22, '2012-06-24', 1, 3, 'Apuraç&atilde;o de dízimo dia 24/06.', 'Cheque', 50, 'S', 'S'),
(471, 22, '2012-06-24', 2, 3, 'Apuraç&atilde;o de oferta de missa dia 24/06.', 'Dinheiro', 91.35, 'S', 'S'),
(472, 22, '2012-06-25', 3, 4, 'Depósito c/c Banestes. ', 'Dinheiro', 347, 'S', 'S'),
(473, 22, '2012-06-25', 3, 4, 'Depósito c/c Banestes. ', 'Cheque', 50, 'S', 'S'),
(474, 22, '2012-06-26', 3, 22, 'Pago Pia Soc. S&atilde;o Paulo. Cupom Fiscal.', 'Dinheiro', 8.6, 'S', 'S'),
(475, 22, '2012-06-26', 3, 22, 'Pago Santana Papelaria LTDA ME. Cupom Fiscal.', 'Dinheiro', 18.9, 'S', 'S'),
(476, 22, '2012-06-06', 4, 26, 'Pago fundo paroquial ref. 05/12. Conforme ch - 001050.', 'Cheque', 2265.17, 'S', 'S'),
(477, 22, '2012-06-11', 4, 18, 'Pago consumo de água ref. 05/12.', 'débito automático', 17.3, 'S', 'S'),
(478, 22, '2012-06-29', 4, 19, 'Consumo de energia ref. 05/12.', 'débito automático', 174.65, 'S', 'S'),
(479, 22, '2012-06-18', 3, 4, 'Depósito c/c Banestes.', 'Cheque', 790, 'S', 'S'),
(480, 23, '2012-06-10', 15, 3, 'Recebimento de oferta de construç&atilde;o.', 'Dinheiro', 100, 'S', 'S'),
(481, 23, '2012-06-11', 3, 7, 'Depósito c/c Banestes.', 'Dinheiro', 113, 'S', 'S'),
(482, 23, '2012-06-24', 8, 3, 'Arrecadaç&#227;o da Festa do Padroeiro.', 'Dinheiro', 9876.74, 'S', 'S'),
(483, 23, '2012-06-24', 8, 3, 'Arrecadaç&#227;o da Festa do Padroeiro.', 'Cheque', 24, 'S', 'S'),
(484, 23, '2012-06-25', 3, 7, 'Depósito c/c Banestes.', 'Dinheiro', 9876.74, 'S', 'S'),
(485, 23, '2012-06-25', 3, 7, 'Depósito c/c Banestes.', 'Cheque', 24, 'S', 'S'),
(487, 24, '2012-06-01', 3, 26, 'Fundo Paroquial mes 05/2012 recibo n&ordm; 3629', 'Dinheiro', 4443.92, 'S', 'S'),
(488, 24, '2012-06-01', 3, 27, 'Centro de formaç&atilde;o mes 05/2012 recibo n&ordm; 3628', 'Dinheiro', 44.44, 'S', 'S'),
(489, 24, '2012-06-03', 1, 3, 'Demonstrativo n&ordm; 24369- Apuraç&atilde;o de dízimo', 'Cheque', 120, 'S', 'S'),
(490, 24, '2012-06-03', 1, 3, 'Demonstrativo n&ordm; 24369- Apuraç&atilde;o de dízimo', 'Dinheiro', 2517, 'S', 'S'),
(491, 24, '2012-06-03', 2, 3, 'Demonstrativo n&ordm; 24369- Apuraç&atilde;o de oferta de missa /celebraç&atilde;o', 'Dinheiro', 232.5, 'S', 'S'),
(492, 24, '2012-06-09', 3, 22, 'Saka presentes e utilidades Ltda NFe 55323 (Brindes p/ pescaria da festa julina) ', 'Dinheiro', 378.79, 'S', 'S'),
(493, 24, '2012-06-10', 1, 3, 'Demonstrativo n&ordm; 24370- Apuraç&atilde;o de dízimo', 'dinheiro', 2497, 'S', 'S'),
(494, 24, '2012-06-10', 2, 3, 'Demonstrativo n&ordm; 24370- Apuraç&atilde;o de oferta de missa/celebraç&atilde;o', 'dinheiro', 213.1, 'S', 'S'),
(495, 24, '2012-06-11', 3, 25, 'Eletrolandia Com. de prod. eletr. Ltda NFe 2686 (microfone)', 'dinheiro', 260, 'S', 'S'),
(496, 24, '2012-06-11', 3, 24, 'Salvador mat. construç&atilde;o NF 5453(Confecç&atilde;o de tapetes)', 'dinheiro', 150, 'S', 'S'),
(497, 24, '2012-06-11', 3, 33, 'Depósito de cheque cc 1618701 Banestes', 'cheque', 120, 'S', 'S'),
(498, 24, '2012-06-11', 3, 25, 'J.L. Audio e vídeo NFs 0028 (Instalaç&atilde;o de micrifone e revis&atilde;o do som) ', 'dinheiro', 100, 'S', 'S'),
(499, 24, '2012-06-11', 3, 20, 'Itapoa Sup.Ltda NFe 4316(material de limp.e brindes p/ festa julina)', 'dinheiro', 78.99, 'S', 'S'),
(500, 24, '2012-06-12', 3, 71, 'D. Henning sup. de informatica NF n&ordm; 1118 (toner p/ impressora)', 'dinheiro', 70, 'S', 'S'),
(501, 24, '2012-06-12', 3, 36, 'Luiz guilherme O. Borges NF avulsa n&ordm; 47314 (Ônibus p/ ordenaç&atilde;o Carlos José)', 'dinheiro', 200, 'S', 'S'),
(502, 24, '2012-06-14', 3, 16, 'Pgto salário de Francisca L. Antunes mes 05/2012 recibo n&ordm; 3644', 'dinheiro', 624.68, 'S', 'S'),
(503, 24, '2012-06-14', 3, 16, 'Pgto recis&atilde;o salarial de Ana Amélia de O. Sartório recibo n&ordm; 3643', 'dinheiro', 2066.21, 'S', 'S'),
(504, 24, '2012-06-14', 3, 22, 'Alpha Brasil distr. Ltda CF n&ordm; 5832 (fraldas geriátricas)', 'dinheiro', 63.7, 'S', 'S'),
(505, 24, '2012-06-17', 1, 3, 'Demonstrativo n&ordm; 24371- Apuraç&atilde;o de dízimo', 'dinheiro', 1135, 'S', 'S'),
(506, 24, '2012-06-17', 2, 3, 'Demonstrativo n&ordm; 24371- Apuraç&atilde;o de oferta de missa/celebraç&atilde;o ', 'Dinheiro', 165.35, 'S', 'S'),
(507, 24, '2012-06-18', 3, 22, 'Porto Novo Supermercados NFe 1525 (Cestas básicas)', 'Dinheiro', 820.15, 'S', 'S'),
(508, 24, '2012-06-20', 3, 23, 'Padaria MCI Ltda Me CF n&ordm; 002323 (Lanche p/ seminarista)', 'dinheiro', 31.99, 'S', 'S'),
(509, 24, '2012-06-22', 3, 36, 'DLD Com. Varejista Ltda NFe 4810 (tendas p/ festa julina)', 'dinheiro', 239.97, 'S', 'S');
INSERT INTO `unts_item_mov` (`item_id`, `movim_id`, `item_data`, `conta_id_e`, `conta_id_s`, `item_historico`, `item_documento`, `item_valor`, `item_efetivado`, `item_ativo`) VALUES
(510, 24, '2012-06-22', 3, 5, 'Pia Sociedade filhas de S. paulo NFe 1728 (gravuras de Santos)', 'dinheiro', 18, 'S', 'S'),
(511, 24, '2012-06-24', 1, 3, 'Demonstrativo n&ordm; 24372- Apuraç&atilde;o de dízimo ', 'dinheiro', 942, 'S', 'S'),
(512, 24, '2012-06-24', 2, 3, 'Demonstrativo n&ordm; 24372- Apuraç&atilde;o de oferta de missa e celebraç&atilde;o', 'dinheiro', 148.05, 'S', 'S'),
(513, 24, '2012-06-27', 3, 5, 'Holambelo Vit. flores e plantas Ltda NFe 7851 (floricultura.)', 'dinheiro', 290, 'S', 'S'),
(514, 24, '2012-06-27', 3, 5, 'Pia Sociedade de S&atilde;o Paulo CF n&ordm; 17453 (partículas)\r\n', 'Dinheiro', 10, 'S', 'S'),
(515, 24, '2012-06-27', 3, 21, 'Papelaria Monteiro NF n&ordm; 1727(Papelaria)', 'Dinheiro', 90.9, 'S', 'S'),
(516, 24, '2012-06-27', 3, 36, 'Samuel Detmam Me NFe n&ordm; 083 ( Reforma das barracas p/ festa julina)', 'Dinheiro', 1999.97, 'S', 'S'),
(517, 24, '2012-06-29', 3, 5, 'Villa Color Imp.digital Ltda NFs 0037(Banner p/ campanha do dízimo)', 'Dinheiro', 30, 'S', 'S'),
(518, 24, '2012-06-11', 33, 18, 'Pagamento Cesan ref. mes 05/12 ', 'Débito automático', 57.53, 'S', 'S'),
(519, 24, '2012-06-29', 33, 19, 'Pagamento Escelsa ref. mes 06/12', 'Débito automático', 195.84, 'S', 'S'),
(525, 24, '2012-06-01', 33, 3, 'Recebido cheque Banestes n&ordm; 000887', 'cheque', 1000, 'S', 'S'),
(526, 25, '2012-07-02', 3, 22, 'Pago Papelaria Monteiro, NF 1732.', 'Dinheiro', 129.6, 'S', 'S'),
(527, 25, '2012-07-02', 3, 27, 'Repasse ao Centro de Formaç&atilde;o ref. 06/12.', 'Dinheiro', 29.3, 'S', 'S'),
(528, 25, '2012-07-02', 3, 10, 'Repasse ao Óbulo de S&#227;o Pedro.', 'Dinheiro', 67.8, 'S', 'S'),
(529, 25, '2012-07-01', 10, 3, 'Oferta específica.', 'Dinheiro', 67.8, 'S', 'S'),
(530, 25, '2012-07-01', 1, 3, 'Apuraç&atilde;o de dízimo do dia 01/07.', 'Dinheiro', 530, 'S', 'S'),
(531, 25, '2012-07-01', 1, 3, 'Apuraç&atilde;o de dízimo do dia 01/07.', 'Cheque', 790, 'S', 'S'),
(532, 25, '2012-07-02', 3, 4, 'Depósito c/c Banestes.', 'Cheque', 790, 'S', 'S'),
(533, 25, '2012-07-02', 3, 28, 'Pagamento da 4&ordf; parcela do IPTU.', 'Dinheiro', 24.9, 'S', 'S'),
(534, 25, '2012-07-03', 4, 21, 'Pago Comercial América Produtos de Limpeza LTDA Me,Cheque 001052.', 'Cheque', 152.82, 'S', 'S'),
(535, 25, '2012-07-03', 4, 26, 'Repasse do fundo paroquial ref. 06/12. Cheque 001051.', 'Cheque', 2931.75, 'S', 'S'),
(536, 25, '2012-07-03', 3, 16, 'Pago salário de funcionário ref. 06/12.', 'Dinheiro', 374.43, 'S', 'S'),
(537, 25, '2012-07-04', 3, 17, 'Pago encargos sociais ref. 06/12.', 'Dinheiro', 181.08, 'S', 'S'),
(538, 25, '2012-07-05', 3, 22, 'Campanha do dízimo 2012.', 'Dinheiro', 102, 'S', 'S'),
(539, 25, '2012-07-08', 2, 3, 'Apuraç&atilde;o de oferta de missa dia 08/07.', 'Dinheiro', 64.6, 'S', 'S'),
(540, 25, '2012-07-08', 1, 3, 'Apuraç&atilde;o de dízimo dia 08/07.', 'Cheque', 550, 'S', 'S'),
(541, 25, '2012-07-08', 1, 3, 'Apuraç&atilde;o de dízimo do dia 08/07.', 'Dinheiro', 1910, 'S', 'S'),
(542, 25, '2012-07-09', 3, 4, 'Depósito c/c Banestes.', 'Dinheiro', 1850, 'S', 'S'),
(543, 25, '2012-07-09', 3, 4, 'Depósito c/c Banestes.', 'Cheque', 550, 'S', 'S'),
(544, 25, '2012-07-09', 3, 22, 'Pago &agrave; Edgar Xisto Souza ME, NF 0452. Aquisiç&atilde;o de camisa da campanha do dízimo 2012.', 'Dinheiro', 245.7, 'S', 'S'),
(545, 25, '2012-07-09', 3, 22, 'Pago &agrave; A Marquesinha Papelaria e Armarinho LTDA, Cumpom Fiscal ref. livro de atas.', 'Dinheiro', 5.6, 'S', 'S'),
(546, 25, '2012-07-11', 3, 21, 'Pago Santana Papelaria LTDA, ref. compra de envelopes.', 'Dinheiro', 6, 'S', 'S'),
(547, 25, '2012-07-11', 4, 18, 'Pago consumo de água.', 'débito automático', 17.8, 'S', 'S'),
(548, 25, '2012-07-15', 2, 3, 'Apuraç&atilde;o de oferta de missa do dia 15/07.', 'Dinheiro', 87.35, 'S', 'S'),
(549, 25, '2012-07-15', 1, 3, 'Apuraç&atilde;o de dízimo do dia 15/07.', 'Dinheiro', 625, 'S', 'S'),
(550, 25, '2012-07-15', 1, 3, 'Apuraç&atilde;o de dízimo do dia 15/07.', 'Cheque', 190, 'S', 'S'),
(551, 25, '2012-07-16', 3, 4, 'Depósito c/c Banestes.', 'Dinheiro', 712, 'S', 'S'),
(552, 25, '2012-07-16', 3, 4, 'Depósito c/c Banestes.', 'Cheque', 190, 'S', 'S'),
(553, 25, '2012-07-22', 2, 3, 'Apuraç&atilde;o de oferta de missa do dia 22/07.', 'Dinheiro', 52.95, 'S', 'S'),
(554, 25, '2012-07-22', 1, 3, 'Apuraç&atilde;o de dízimo do dia 22/07.', 'Cheque', 875, 'S', 'S'),
(555, 25, '2012-07-22', 1, 3, 'Apuraç&atilde;o de dízimo do dia 22/07.', 'Dinheiro', 605, 'S', 'S'),
(556, 25, '2012-07-23', 3, 4, 'Depósito c/c Banestes', 'Cheque', 875, 'S', 'S'),
(557, 25, '2012-07-26', 3, 24, 'Pago AS Material de Construç&atilde;o LTDA, conforme depósito bancário.', 'Dinheiro', 51.48, 'S', 'S'),
(558, 25, '2012-07-27', 3, 71, 'Pago Shopping dos Cartuchos LTDA.', 'Dinheiro', 15, 'S', 'S'),
(559, 25, '2012-07-29', 2, 3, 'Apuraç&atilde;o de oferta de missa do dia 29/07.', 'Dinheiro', 76.35, 'S', 'S'),
(560, 25, '2012-07-29', 1, 3, 'Apuraç&atilde;o de dízimo do dia 29/07/2012.', 'Cheque', 345, 'S', 'S'),
(561, 25, '2012-07-29', 1, 3, 'Apuraç&atilde;o de dízimo do dia 29/07.', 'Dinheiro', 855, 'S', 'S'),
(562, 25, '2012-07-30', 3, 22, 'Pago WA Panificaç&otilde;es LTDA ME.', 'Dinheiro', 13.99, 'S', 'S'),
(563, 25, '2012-07-31', 3, 36, 'Pago Waldir NEITZEL Restaurante, referente ao almoço do trabalhadores da obra.', 'Dinheiro', 43, 'S', 'S'),
(564, 25, '2012-07-30', 3, 4, 'Depósito c/c Banestes.', 'Dinheiro', 90, 'S', 'S'),
(565, 25, '2012-07-30', 3, 22, 'DMA Distribuidora SA. Cupom fiscal. Ref. ao café da manh&atilde; dos dias dos pais.', 'Dinheiro', 37.24, 'S', 'S'),
(566, 25, '2012-07-31', 3, 22, 'Pago Comercial Braizer LTDA ME.', 'Dinheiro', 24.9, 'S', 'S'),
(567, 25, '2012-07-31', 4, 19, 'Pago consumo de energia elétrica.', 'débito automático', 103.9, 'S', 'S'),
(568, 25, '2012-07-30', 3, 72, 'Depósito c/c Banestes.', 'Cheque', 255, 'S', 'S'),
(569, 26, '2012-07-29', 8, 3, 'Recebimento de oferta para construç&atilde;o.', 'Dinheiro', 50, 'S', 'S'),
(570, 26, '2012-07-30', 3, 7, 'Depósito c/c Banestes.', 'Dinheiro', 50, 'S', 'S'),
(571, 26, '2012-07-31', 7, 24, 'Pago Viva Comércio de Ferro LTDA ME, NF 261. Conforme chque n&ordm;00126.', 'Cheque', 1382.4, 'S', 'S'),
(572, 26, '2012-07-31', 7, 24, 'Pago E.S. Produtos Siderúrgicos LTDA, NF 037347. Cheque n&ordm;00127.', 'Cheque', 553.95, 'S', 'S'),
(573, 26, '2012-07-30', 3, 24, 'Pago Locvit Locadora LTDA ME. Fatura 926', 'Dinheiro', 90, 'S', 'S'),
(574, 25, '2012-07-30', 3, 8, 'Transfer&ecirc;ncia para conta Construç&atilde;o.', 'Dinheiro', 90, 'S', 'S'),
(575, 26, '2012-07-30', 8, 3, 'Recebimento de transfer&ecirc;ncia para Conta Construç&atilde;o.', 'Dinheiro', 90, 'S', 'S'),
(576, 26, '2012-07-27', 24, 73, 'Aquisiç&#227;o de cumieiras estampadas, cumieira interna, telha termoacústica, parafusos de fixaç&#227;o e rebite de alumínio.\r\n\r\nVencimentos\r\n22/08/2012 - R$3775,88\r\n19/09/2012 - R$3775,88\r\n17/10/2012 - R$37775,89\r\n', 'Cheque', 11327.65, 'S', 'S'),
(577, 26, '2012-07-13', 24, 73, 'Aquisiç&atilde;o de vergalh&atilde;o, colunas, cimentos, tábuas, arrames e pregos.\r\n\r\nVencimentos:\r\n12/08/2012 - R$636,90\r\n12/09/2012 - R$636,90', 'Cheque', 1273.8, 'S', 'S'),
(578, 26, '2012-07-13', 24, 73, 'Aquisiç&atilde;o de ferragem.\r\n\r\nVencimento:\r\n12/08/2012 - R$761,16\r\n11/09/2012 - R$761,16', 'Cheque', 1522.32, 'S', 'S'),
(579, 28, '2012-07-01', 1, 3, 'Apuraç&#227;o de Dízimo', 'Dinheiro', 753, 'S', 'S'),
(580, 28, '2012-07-01', 10, 3, 'Oferta específica', 'Dinheiro', 66, 'S', 'S'),
(581, 28, '2012-07-07', 3, 10, 'deposito na c.c. 1019637 (oferta específica &#242;bulo de S&#227;o Pedro)conforme recibo da Paróquia Santa M&#227;e de Deus n&#186; 0003671', 'Dinheiro', 66, 'S', 'S'),
(582, 28, '2012-07-08', 1, 3, 'Apuraç&#227;o de dizimo', 'Dinheiro', 2127, 'S', 'S'),
(583, 28, '2012-07-08', 2, 3, 'Apuraç&#227;o de Ofertas de Missa', 'Dinheiro', 72.6, 'S', 'S'),
(584, 28, '2012-07-15', 1, 3, 'apuraç&#227;o de dizimo', 'Dinheiro', 1235, 'S', 'S'),
(585, 28, '2012-07-15', 2, 3, 'Apuraç&#227;o de Ofertas de Missa', 'Dinheiro', 62.2, 'S', 'S'),
(586, 28, '2012-07-22', 1, 3, 'Apuraç&#227;o de dizimo', 'Dinheiro', 1057, 'S', 'S'),
(587, 28, '2012-07-22', 2, 3, 'Apuraç&#227;o de ofertas e missa', 'Dinheiro', 153.3, 'S', 'S'),
(588, 28, '2012-07-29', 1, 3, 'Apuraç&#227;o de dizimo', 'Dinheiro', 300, 'S', 'S'),
(589, 28, '2012-07-29', 2, 3, 'Apuraç&#227;o de ofertas e missa', 'Dinheiro', 79.65, 'S', 'S'),
(590, 28, '2012-07-02', 3, 18, 'pagamento a Cesan - conta de agua', 'Dinheiro', 34.45, 'S', 'S'),
(591, 28, '2012-07-05', 3, 24, 'Compra de uma tampa para a caixa de esgoto do corredor do templo.', 'Dinheiro', 110, 'S', 'S'),
(592, 28, '2012-07-10', 3, 26, 'deposito para o fundo paroquial - recibo n&#186; 0003673 ', 'Dinheiro', 2389, 'S', 'S'),
(593, 28, '2012-07-10', 3, 27, 'deposito para manutenç&#227;o do centro de formaç&#227;o  conf. recibo n&#186;0003672.', 'Dinheiro', 23.9, 'S', 'S'),
(594, 28, '2012-07-11', 3, 24, 'Compra de cabos eletricos para ligaç&#227;o eletrica dos circuitos de iluminaç&#227;o e ar condicionado. ', 'Dinheiro', 384, 'S', 'S'),
(595, 28, '2012-07-12', 3, 24, 'Compra de cabos eletricos e disjuntor para ligaç&#227;o dos circuitos do templo e salas de catequese.', 'Dinheiro', 165, 'S', 'S'),
(596, 28, '2012-07-23', 3, 19, 'Pagamento de energia elétrica ', 'Dinheiro', 65.16, 'S', 'S'),
(597, 28, '2012-07-27', 3, 5, 'Pagamento de material dedicado ao mes do dizimo conf. recibo n&#186;0003686', 'Dinheiro', 60, 'S', 'S'),
(598, 28, '2012-07-27', 3, 24, 'Compra de material de construç&#227;o para reforma do templo', 'Dinheiro', 697.2, 'S', 'S'),
(599, 28, '2012-08-30', 3, 24, 'Compra de material de construç&#227;o para reforma do templo', 'Dinheiro', 448.5, 'S', 'S'),
(600, 28, '2012-07-30', 3, 24, 'Compra de material de construç&#227;o para reforma do templo', 'Dinheiro', 92.9, 'S', 'S'),
(601, 27, '2012-07-01', 1, 3, 'Demonstrativo n&ordm; caixa 349 e 350- Apuraç&atilde;o de dizimo', 'dinheiro', 2160, 'S', 'S'),
(602, 27, '2012-07-01', 10, 3, 'Demonstrativo n&ordm; caixa 349 e 350- Apuraç&atilde;o de oferta óbolo de S&atilde;o Pedro', 'dinheiro', 241.25, 'S', 'S'),
(603, 27, '2012-07-03', 3, 36, 'Horizonte vidros CES de vid. Ltda Me NF 0514- 3 quadros de vidro p/ salas de reuni&atilde;o', 'dinheiro', 1000, 'S', 'S'),
(605, 27, '2012-07-04', 3, 36, 'Oleari madeiras Ltda NFe n&ordm; 3945- Estante p/ sala da Sacristia', 'dinheiro', 165, 'S', 'S'),
(606, 27, '2012-07-03', 3, 36, 'Bridi madeiras Ltda NFe n&ordm; 49527- Estante p/ sala da Sacristia', 'dinheiro', 368, 'S', 'S'),
(607, 27, '2012-07-04', 3, 22, 'Edgar Xisto Souza Me NFe n&ordm; 450- 18 camisas p/ equipe do dízimo ', 'dinheiro', 340.2, 'S', 'S'),
(608, 27, '2012-07-05', 3, 27, 'Centro de formaç&atilde;o mes 06/2012 recibo n&ordm; 3662', 'dinheiro', 39.85, 'S', 'S'),
(609, 27, '2012-07-05', 3, 22, 'Material p/ campanha do dízimo- recibo n&ordm; 3664', 'dinheiro', 87, 'S', 'S'),
(610, 27, '2012-07-05', 3, 10, 'Oferta específica óbolo de S&atilde;o Pedro recibo n&ordm; 3666\r\n', 'dinheiro', 241.25, 'S', 'S'),
(611, 27, '2012-07-05', 3, 16, 'Pagamento de salário de Francisca L. Antunes mes 06/2012- recibo n&ordm; 3665', 'dinheiro', 576.15, 'S', 'S'),
(612, 27, '2012-07-05', 3, 33, 'Depósito cheque cc n&ordm;1618701 Banestes', 'cheque', 125, 'S', 'S'),
(613, 27, '2012-07-01', 1, 3, 'Demonstrativo caixa n&ordm; 349 e 350- Apuraç&atilde;o de dízimo', 'Cheque', 125, 'S', 'S'),
(614, 29, '2012-08-02', 3, 20, 'compra de material para limpeza do templo, salas e corredores etc.', 'dinheiro', 35.47, 'S', 'S'),
(615, 29, '2012-08-05', 1, 3, 'Apuraç&atilde;o de dizimo.\r\n', 'dinheiro', 1147, 'S', 'S'),
(616, 29, '2012-08-05', 2, 3, 'Apuraç&atilde;o de ofertas', 'dinheiro', 58.2, 'S', 'S'),
(617, 27, '2012-07-05', 3, 26, 'Fundo paroquial mes 06/2012 recibo n&ordm; 3663', 'dinheiro', 3985, 'S', 'S'),
(618, 27, '2012-07-05', 33, 3, 'Recebido cheque Banestes n&ordm; 000888', 'Cheque', 3985, 'S', 'S'),
(619, 27, '2012-07-05', 3, 23, 'Alpha Brasil distrib. Ltda Me CF 52819 ( fraldas geriátricas)', 'dinheiro', 89.7, 'S', 'S'),
(620, 27, '2012-07-07', 3, 36, 'Loj&atilde;o dos doces Ltda Me CF 76301', 'dinheiro', 65.45, 'S', 'S'),
(621, 27, '2012-07-07', 3, 25, 'Eletro Eduardo NFs n&ordm; 0370', 'dinheiro', 75, 'S', 'S'),
(622, 27, '2012-07-08', 1, 3, 'Demonstrativo caixa n&ordm; 352 e 353 (apuraç&atilde;o de dízimo)', 'dinheiro', 2977, 'S', 'S'),
(623, 27, '2012-07-08', 2, 3, 'Demonstrativo caixa n&ordm; 352 e 353-apuraç&atilde;o de oferta de missa/celebraç&atilde;o', 'dinheiro', 148.15, 'S', 'S'),
(624, 27, '2012-07-09', 3, 33, 'Depósito cc. n&ordm; 1618701- Banestes', 'dinheiro', 2000, 'S', 'S'),
(625, 27, '2012-07-09', 3, 36, 'Raizes e laminados de madeira Ltda NFe 1175-estante p/ sala da Sacristia', 'dinheiro', 67, 'S', 'S'),
(626, 27, '2012-07-09', 3, 36, 'Embalagens Glória Com. Ltda Me NFe n&ordm; 504 (material descartável)', 'dinheiro', 270, 'S', 'S'),
(627, 27, '2012-07-09', 3, 36, 'Embalart Com. de festas Ltda NFe n&ordm; 4 (Material descartável) ', 'dinheiro', 41.44, 'S', 'S'),
(628, 27, '2012-07-09', 3, 36, 'Porto Novo Supermercados NFe n&ordm; 1596', 'dinheiro', 94.94, 'S', 'S'),
(629, 27, '2012-07-10', 3, 21, 'Parco Papelaria Ltda NFe n&ordm; 151359', 'dinheiro', 85.01, 'S', 'S'),
(630, 27, '2012-07-15', 1, 3, 'Demonstrativo caixa n&ordm; 355 e 356- Apuraç&atilde;o de dízimo', 'dinheiro', 1085, 'S', 'S'),
(631, 27, '2012-07-15', 2, 3, 'Demonstrativo caixa n&ordm; 355 e 356- Apuraç&atilde;o de oferta de missa/celebraç&atilde;o', 'dinheiro', 167.7, 'S', 'S'),
(632, 27, '2012-07-16', 15, 3, 'Demonstrativo caixa n&ordm; 358- Receita de festa julina do dia 14/07/2012', 'dinheiro', 3919, 'S', 'S'),
(633, 27, '2012-07-16', 3, 33, 'Depósito Banestes CC 1618701', 'dinheiro', 5000, 'S', 'S'),
(634, 27, '2012-07-16', 33, 34, 'Aplicaç&atilde;o financeira Banestes cc 1618701', 'dinheiro', 4000, 'S', 'S'),
(635, 27, '2012-07-05', 34, 33, 'Resgate de aplicaç&atilde;o financeira Banestes cc 1618701', 'dinheiro', 2044.83, 'S', 'S'),
(636, 27, '2012-07-22', 1, 3, 'Demonstrativo caixa n&ordm; 360 e 361- apuraç&atilde;o de dízimo', 'dinheiro', 1275, 'S', 'S'),
(637, 27, '2012-07-22', 2, 3, 'Demonstrativo caixa n&ordm; 360 e 361- Apuraç&atilde;o de oferta de missa/celebraç&atilde;o', 'dinheiro', 175.85, 'S', 'S'),
(638, 27, '2012-07-23', 3, 23, 'Porto Novo Supermercados NFe n&ordm; 1649- Cestas básicas ', 'dinheiro', 820.15, 'S', 'S'),
(639, 27, '2012-07-25', 3, 5, 'Holambelo Vit.flores e plantas Ltda NFe 8134- flores ', 'dinheiro', 220, 'S', 'S'),
(640, 27, '2012-07-25', 3, 22, 'Atacado S&atilde;o Paulo NFe n&ordm; 229368- Material p/ seminário do grupo de oraç&atilde;o', 'dinheiro', 85.68, 'S', 'S'),
(641, 27, '2012-07-25', 3, 36, 'Embalagens Glória Com. Ltda Me NFe 578', 'dinheiro', 23.85, 'S', 'S'),
(642, 27, '2012-07-28', 3, 22, 'Loj&atilde;o dos doces Ltda Me CF n&ordm; 77606- Material p/ chá dos avós', 'dinheiro', 35.27, 'S', 'S'),
(643, 27, '2012-07-28', 3, 22, 'Melissa Louvatti M. das flores Me NF n&ordm; 0209- Canecas p/ sorteio aos dizimistas', 'dinheiro', 120, 'S', 'S'),
(644, 27, '2012-07-29', 1, 3, 'Demonstrativo caixa n&ordm; 363 e 364- Apuraç&atilde;o de dízimo', 'dinheiro', 1949, 'S', 'S'),
(645, 27, '2012-07-29', 2, 3, 'Demonstrativo caixa n&ordm; 363 e 364- Apuraç&atilde;o de oferta de missa/celebraç&atilde;o', 'dinheiro', 181.7, 'S', 'S'),
(646, 27, '2012-07-30', 3, 21, 'Comercial Braizer Ltda Me NF 1745- Material de escritório', 'dinheiro', 32.75, 'S', 'S'),
(647, 27, '2012-07-31', 35, 34, 'Rendimento de aplicaç&atilde;o financeira Banestes 07/2012', 'dinheiro', 70.75, 'S', 'S'),
(649, 27, '2012-07-09', 33, 18, 'Pagamento Cesan ref. 06/2012', 'Débito automático', 52.3, 'S', 'S'),
(650, 27, '2012-07-31', 33, 19, 'Pagamento Escelsa mes 07/2012', 'Débito automático', 166.53, 'S', 'S'),
(651, 24, '2012-06-30', 35, 34, 'Rendimento de aplicaç&atilde;o financeira mes 06/2012', 'dinheiro', 48.45, 'S', 'S'),
(652, 29, '2012-08-06', 3, 22, 'Compra de equipamento para a pastoral da musica.', 'Dinheiro', 86, 'S', 'S'),
(653, 29, '2012-08-06', 3, 24, 'Compra de material para reforma do templo.', 'Dinheiro', 90.95, 'S', 'S'),
(654, 29, '2012-08-08', 3, 24, 'Compra de material para reforma do templo.', 'Dinheiro', 10, 'S', 'S'),
(655, 29, '2012-08-10', 3, 24, 'Compra de material para iluminaç&#227;o do templo.', 'Dinheiro', 84.9, 'S', 'S'),
(656, 29, '2012-08-10', 3, 18, 'Pagamento conta de água.\r\n', 'Dinheiro', 31.2, 'S', 'S'),
(657, 29, '2012-08-10', 3, 26, 'Deposito para repasse ao fundo paroquial.', 'Dinheiro', 2952, 'S', 'S'),
(658, 29, '2012-08-10', 3, 27, 'Deposito para repasse ao centro de formaç&#227;o.', 'Dinheiro', 29.52, 'S', 'S'),
(659, 29, '2012-08-07', 3, 24, 'Compra de fechadura para o port&#227;o da rampa.', 'Dinheiro', 36, 'S', 'S'),
(661, 29, '2012-08-13', 3, 32, 'Deposito em dinheiro na c/c da Comunidade. ', 'Dinheiro', 1150, 'S', 'S'),
(662, 29, '2012-08-12', 1, 3, 'Apuraç&#227;o de dizimo', 'Dinheiro', 1176, 'S', 'S'),
(663, 29, '2012-08-12', 2, 3, 'Apuraç&#227;o de ofertas de Missa', 'Dinheiro', 146.8, 'S', 'S'),
(664, 29, '2012-08-16', 3, 19, 'Pagamento de energia elétrica EDP-Escelsa', 'Dinheiro', 90.31, 'S', 'S'),
(667, 29, '2012-08-19', 1, 3, 'Apuraç&#227;o de dizimo', 'Dinheiro', 727, 'S', 'S'),
(668, 29, '2012-08-19', 2, 3, 'Apuraç&#227;o de ofertas de missa', 'Dinheiro', 134.7, 'S', 'S'),
(669, 29, '2012-08-22', 3, 24, 'Compra de luminárias para o sal&#227;o da igreja conf. C.C.F: 080115  cod:091297', 'Dinheiro', 187, 'S', 'S'),
(670, 29, '2012-08-22', 3, 24, 'Compra de lampadas para o sal&#227;o conf CCF: 141426  COD: 256947', 'Dinheiro', 96.5, 'S', 'S'),
(671, 29, '2012-08-26', 1, 3, 'Apuraç&atilde;o de Dízimo', 'Dinheiro', 282, 'S', 'S'),
(672, 29, '2012-08-26', 2, 3, 'Apuraç&atilde;o de Ofertas de Missa.(oferta especial Lábrea)', 'Dinheiro', 174.6, 'S', 'S'),
(673, 29, '2012-08-27', 3, 68, 'Deposito c/c da Paroquia, ref. a Coleta especifica para Lábrea - recibo número 0003710', 'Dinheiro', 174.6, 'S', 'S'),
(675, 29, '2012-08-30', 3, 24, 'Material para reforma do templo', 'Dinheiro', 506.17, 'S', 'S'),
(676, 29, '2012-08-30', 3, 24, 'Material para reforma do templo', 'Dinheiro', 398.37, 'S', 'S'),
(679, 30, '2012-08-01', 3, 22, 'Art eventos loc.tendas Ltda Me NF 259-aluguel cadeira chá dos avós', 'dinheiro', 120, 'S', 'S'),
(680, 30, '2012-08-01', 3, 23, 'Alpha Brasil distrib. Ltda Me CF 10460 (fraldas geriátricas)', 'dinheiro', 29.9, 'S', 'S'),
(681, 30, '2012-08-05', 1, 3, 'Demonstrativo caixa n&ordm; 366 e 367-Apuraç&atilde;o de dízimo', 'dinheiro', 3067, 'S', 'S'),
(682, 30, '2012-08-05', 2, 3, 'Demonstrativo caixa n&ordm; 366 e 367- Ap.de oferta de missa e celebraç&atilde;o ', 'dinheireo', 147.45, 'S', 'S'),
(683, 30, '2012-08-04', 3, 36, 'Okaya modas Ltda Me NF 00638- lembrança do dia do padre', 'dinheiro', 138, 'S', 'S'),
(684, 30, '2012-08-07', 3, 16, 'Pagamento de salário Francisca L.Antunes mes 07/2012 rec.n&ordm;3702', 'dinheiro', 596.15, 'S', 'S'),
(685, 30, '2012-08-07', 3, 27, 'Repasse ao Centro de formaç&atilde;o mes 07/2012 rec. n&ordm; 3703', 'dinheiro', 51.22, 'S', 'S'),
(686, 30, '2012-08-07', 3, 26, 'Fundo paroquial mes 07/2012 recibo n&ordm; 3698 ', 'dinheiro', 5122.2, 'S', 'S'),
(687, 30, '2012-08-07', 3, 36, 'Estúdio Box-spot  NFSe n&ordm; 0086p/ carro de som- div.semana da família', 'dinheiro', 30, 'S', 'S'),
(688, 30, '2012-08-07', 3, 23, 'Alpha Brasil distrib. Ltda Me- CF 54911- (fraldas geriátricas) ', 'dinheiro', 83.2, 'S', 'S'),
(689, 30, '2012-08-07', 3, 21, 'D''Ângelo pap. e armarinho Ltda Me CF 40975 ', 'dinheiro', 10.95, 'S', 'S'),
(690, 30, '2012-08-11', 3, 36, 'Melissa Louvati M. das flores Me NF0210( lembrança dia dos pais)', 'dinheirpo', 200, 'S', 'S'),
(691, 30, '2012-08-12', 1, 3, 'Demonstrativo caixa n&ordm; 369 e 370-Apuraç&atilde;o de dízimos', 'dinheiro', 1644, 'S', 'S'),
(692, 30, '2012-08-12', 2, 3, 'Demonstrativo caixa n&ordm; 369 e 370- Ap.de oferta de missa e celebraç&atilde;o', 'dinheiro', 179.75, 'S', 'S'),
(693, 30, '2012-08-13', 3, 5, 'Sueleni Sklias Me NFe n&ordm; 396- Tecido p/toalha do altar', 'dinheiro', 20, 'S', 'S'),
(694, 30, '2012-08-15', 3, 36, 'Melissa Louvatti M.das flores Me NF 0211- Lembrança sem. da família  ', 'dinheiro', 234, 'S', 'S'),
(695, 30, '2012-08-15', 3, 36, 'Textil Bologna Ltda Me NFe 243- Lembrança semana da família', 'dinheiro', 33.98, 'S', 'S'),
(696, 30, '2012-08-18', 3, 23, 'Porto novo Supermercados NFe 1769- Cestas básicas', 'dinheiro', 829.4, 'S', 'S'),
(697, 30, '2012-08-18', 3, 36, 'Porto Novo Supermercados NFe 1776- Confrat. semana da família', 'dinheiro', 67.72, 'S', 'S'),
(698, 30, '2012-08-19', 1, 3, 'Demonstrativo caixa n&ordm; 372 e 374- Apuraç&atilde;o de dízimos', 'dinheiro', 1626, 'S', 'S'),
(699, 30, '2012-08-19', 2, 3, 'Demonstrativo caixa n&ordm; 372 e 374- Ap.de oferta de missa e celebraç&atilde;o', 'dinheiro', 260.9, 'S', 'S'),
(700, 30, '2012-08-21', 3, 5, 'Pia Sociedade filhas de S&atilde;o Paulo CF 10699- partículas', 'dinheiro', 11, 'S', 'S'),
(701, 30, '2012-08-22', 3, 5, 'Holambelo V. flores e plantas Ltda NFe 8400- flores', 'dinheiro', 220, 'S', 'S'),
(702, 30, '2012-08-23', 3, 74, 'Embalagens Glória Com. Ltda Me NFe 732- descartável', 'dinheiro', 10.9, 'S', 'S'),
(703, 30, '2012-08-24', 3, 36, 'Melissa Louvatti M. das flores Me NF 0213- Lembrança semana da família', 'dinheiro', 20, 'S', 'S'),
(704, 30, '2012-08-26', 1, 3, 'Demonstrativo caixa n&ordm; 376 e 377- Apuraç&atilde;o de dízimos', 'dinheiro', 645, 'S', 'S'),
(705, 30, '2012-08-26', 1, 3, 'Demonstrativo caixa n&ordm; 376 e 377- Apuraç&atilde;o de dízimos       ', 'cheque', 400, 'S', 'S'),
(706, 30, '2012-08-26', 12, 3, 'Demonstrativo caixa n&ordm; 376 e 377-Ap.de oferta esp.Igreja Irm&atilde; Lábrea', 'dinheiro', 461.4, 'S', 'S'),
(707, 30, '2012-08-27', 3, 12, 'Oferta específica Igreja Irm&atilde; Lábrea rec. n&ordm; 3709', 'dinheiro', 461.4, 'S', 'S'),
(708, 30, '2012-08-09', 33, 18, 'Pagamento Cesan ref. 07/2012', 'Déb.automático', 53.86, 'S', 'S'),
(709, 30, '2012-08-31', 33, 19, 'Pagamento Escelsa ref mes 08/2012', 'Déb.atomático', 162.39, 'S', 'S'),
(710, 30, '2012-08-31', 35, 34, 'Rendimento Aplicaç&atilde;o financeira Banestes  08/2012', 'débito/crédito', 73.22, 'S', 'S'),
(712, 29, '2012-08-16', 32, 24, 'pagamento a Viminas ref. a puxadores para porta - para reforma do templo cheque 000142', 'Cheque', 344.6, 'S', 'S'),
(713, 29, '2012-08-13', 32, 24, 'Pagamento a Marmoraria Guapore, referente a peças em granito para reforma do templo cheque 000141', 'Cheque', 460, 'S', 'S'),
(714, 31, '2012-09-02', 1, 3, 'Apuraç&#227;o de dizimo ', 'Dinheiro', 186.25, 'S', 'S'),
(715, 31, '2012-09-02', 2, 3, 'Apuraç&#227;o de Ofertas de Missa', 'Dinheiro', 1070, 'S', 'S'),
(716, 32, '2012-09-01', 3, 23, 'Alpha Brasil Distr. Ltda Me CF 13638\r\n', 'dinheiro', 123.5, 'S', 'S'),
(717, 32, '2012-09-02', 1, 3, 'Demonstrativo Caixa n&ordm; 379 e 380-Apuraç&atilde;o de dízimos 	', 'dinheiro', 2185, 'S', 'S'),
(719, 32, '2012-09-03', 3, 27, 'Centro de formaç&atilde;o m&ecirc;s 08/2012 recibo 3713		', 'dinheiro', 39.85, 'S', 'S'),
(720, 32, '2012-09-03', 3, 26, 'Fundo Paroquial m&ecirc;s 08/2012 recibo n&ordm; 3714		', 'dinheiro', 3985.05, 'S', 'S'),
(721, 32, '2012-09-03', 3, 74, 'Embalagens Glória Com. Ltda Me Nfe 797		', 'dinheiro', 65.92, 'S', 'S'),
(722, 32, '2012-09-06', 3, 16, 'Salário de Franc. L. Antunes m&ecirc;s 08/12 rec 3718		', 'dinheiro', 566.25, 'S', 'S'),
(723, 32, '2012-09-02', 2, 3, 'Demonstrativo caixa n&ordm; 379 e 380- Apuraç&atilde;o de oferta missa/celeb.	', 'dinheiro', 291.25, 'S', 'S'),
(724, 15, '2012-01-11', 3, 5, 'Cunha tecidos Ltda EPP Danfe 2562- material de limpeza		\r\n', 'dinheiro', 28, 'S', 'S'),
(725, 15, '2012-01-13', 3, 33, 'Depósito Banestes	cc 1618701', 'dinheiro', 3000, 'S', 'S'),
(726, 15, '2012-01-15', 1, 3, 'Demonstrativo n&ordm; 24344- Apuraç&atilde;o de dízimos	', 'dinheiro', 1842, 'S', 'S'),
(727, 15, '2012-01-15', 2, 3, 'Demonstrativo n&ordm; 24344- Apuraç&atilde;o de of. de missa/celebraç&atilde;o', 'dinheiro', 72.7, 'S', 'S'),
(728, 15, '2012-01-18', 3, 20, 'Itapoa supermercado Ltda Danfe 006463		', 'dinheiro', 96.65, 'S', 'S'),
(729, 15, '2012-01-18', 3, 5, 'Lisbel Tecidos Ltda EPP Danfe n&ordm; 001383		', 'dinheiro', 126.17, 'S', 'S'),
(730, 15, '2012-01-20', 3, 5, 'Pia Sociedade de S&atilde;o Paulo CF 010799		', 'dinheiro', 10, 'S', 'S'),
(731, 15, '2012-01-21', 3, 24, 'Politintas Ltda Danfe n&ordm; 007905		', 'dinheiro', 195.46, 'S', 'S'),
(732, 15, '2012-01-21', 3, 33, 'Depósito Banestes		', 'dinheiro', 100, 'S', 'S'),
(733, 15, '2012-01-21', 3, 23, 'Porto Novo Supermercados Danfe n&ordm; 0981- cestas básicas		', 'dinheiro', 600.49, 'S', 'S'),
(734, 15, '2012-01-22', 1, 3, 'Demonstrativo n&ordm; 24345- Apuraç&atilde;o de dízimos	\r\n', 'dinheiro', 1245, 'S', 'S'),
(735, 15, '2012-01-22', 2, 3, 'Demonstrativo n&ordm; 24345- Apuraç&atilde;o de of. de missa/celebraç&atilde;o	', 'dinheiro', 175.65, 'S', 'S'),
(736, 15, '2012-01-25', 3, 5, 'Holambelo flores e plantas Ltda Danfe 6276- flores		', 'dinheiro', 250, 'S', 'S'),
(737, 15, '2012-01-26', 3, 5, 'Lisbel tecidos Ltda EPP Danfe n&ordm; 001394-vestes litúrgicas		', 'dinheiro', 15.54, 'S', 'S'),
(738, 15, '2012-01-28', 3, 23, 'Alpha distribuidora Ltda Me CF 004982- fraldas descartáveis		', 'dinheiro', 65.15, 'S', 'S'),
(739, 15, '2012-01-29', 1, 3, 'Demonstrativo n&ordm; 24346- Apuraç&atilde;o de dízimos	', 'dinheiro', 1740, 'S', 'S'),
(740, 15, '2012-01-29', 1, 3, 'Demonstrativo n&ordm; 24346- Apuraç&atilde;o de dízimos	', 'cheque', 380, 'S', 'S'),
(741, 15, '2012-01-29', 2, 3, 'Demonstrativo n&ordm; 24346- Apuraç&atilde;o de of. de missa/celebraç&atilde;o', 'dinheiro', 152.5, 'S', 'S'),
(742, 15, '2012-01-31', 33, 19, 'Pgto Escelsa mes 01/2012', 'Débito automático', 262.7, 'S', 'S'),
(743, 15, '2012-01-09', 33, 18, 'Pgto Cesan mes 12/2011', 'Débito automático', 50.2, 'S', 'S'),
(744, 36, '2012-08-02', 3, 17, 'Repasse Encargos Sociais ref. salário 07/12.', 'Dinheiro', 182, 'S', 'S'),
(745, 36, '2012-08-02', 3, 27, 'Repasse ao Centro de Formaç&atilde;o ref. 07/12.', 'Dinheiro', 37.78, 'S', 'S'),
(746, 36, '2012-08-04', 3, 22, 'Pago Restaurante Valdir Neitezel.', 'Dinheiro', 45, 'S', 'S'),
(747, 36, '2012-08-04', 3, 16, 'Pago Salário de Funcionária, Cláudia Rogéria Freire, ref. 07/12.', 'Dinheiro', 374.43, 'S', 'S'),
(748, 36, '2012-08-04', 3, 25, 'Pago AZ Material de Construç&atilde;o, Cupom Fiscal.', 'Dinheiro', 50.68, 'S', 'S'),
(749, 36, '2012-08-05', 2, 3, 'Apuraç&atilde;o de Oferta de Missa.', 'Dinheiro', 174.55, 'S', 'S'),
(750, 36, '2012-08-05', 1, 3, 'Apuraç&atilde;o de Dízimo.', 'Dinheiro', 1560, 'S', 'S'),
(751, 36, '2012-08-05', 1, 3, 'Apuraç&atilde;o de Dízimo.', 'Cheque', 310, 'S', 'S'),
(752, 36, '2012-08-06', 3, 4, 'Depósito c/c Banestes.', 'Dinheiro', 1750, 'S', 'S'),
(753, 36, '2012-08-06', 3, 4, 'Depósito c/c Banestes.', 'Cheque', 310, 'S', 'S'),
(754, 36, '2012-08-08', 3, 36, 'Pago VC Vitótia Comercial Utilidades LTDA ME, conforme Cumpom Fiscal.', 'Dinheiro', 12.25, 'S', 'S'),
(755, 36, '2012-08-09', 3, 22, 'Pago Realmar Distribuidora LTDA, NF-e 000.005.657.', 'Dinheiro', 19.9, 'S', 'S'),
(756, 36, '2012-08-12', 2, 3, 'Apuraç&atilde;o de Oferta de Missa.', 'Dinheiro', 192.1, 'S', 'S'),
(757, 36, '2012-08-12', 1, 3, 'Apuraç&atilde;o de Dízimo.', 'Dinheiro', 765, 'S', 'S'),
(758, 36, '2012-08-12', 1, 3, 'Apuraç&atilde;o de Dízimo.', 'Cheque', 620, 'S', 'S'),
(759, 36, '2012-08-13', 3, 4, 'Depósito c/c Banestes.', 'Dinheiro', 957.1, 'S', 'S'),
(760, 36, '2012-08-13', 3, 4, 'Depósito c/c Banestes.', 'Cheque', 620, 'S', 'S'),
(761, 36, '2012-08-13', 3, 22, 'Pago Pia Soc. de S&atilde;o Paulo, Cupom Fiscal.', 'Dinheiro', 19.6, 'S', 'S'),
(762, 36, '2012-08-14', 3, 22, 'Pago Padaria MCI LTDA ME, Cupom Fiscal.', 'Dinheiro', 100, 'S', 'S'),
(763, 36, '2012-08-15', 3, 28, 'Pago 5&ordf; parcela do IPTU.', 'Dinheiro', 24.9, 'S', 'S'),
(764, 36, '2012-08-19', 2, 3, 'Apuraç&atilde;o de Oferta de Missa.', 'Dinheiro', 76.2, 'S', 'S'),
(765, 36, '2012-08-19', 1, 3, 'Apuraç&atilde;o de Dízimo.', 'Dinheiro', 435, 'S', 'S'),
(766, 36, '2012-08-19', 1, 3, 'Apuraç&atilde;o de Dízimo.', 'Cheque', 80, 'S', 'S'),
(767, 36, '2012-08-20', 3, 22, 'Pago DMA Distribuidora, Cupom Fiscal.', 'Dinheiro', 54.71, 'S', 'S'),
(768, 36, '2012-08-21', 3, 4, 'Depósito c/c Banestes.', 'Cheque', 80, 'S', 'S'),
(769, 36, '2012-08-26', 12, 3, 'Apuraç&atilde;o de Oferta Especial Irm&atilde; Lábrea.', 'Dinheiro', 128.95, 'S', 'S'),
(770, 36, '2012-08-26', 1, 3, 'Apuraç&atilde;o de Dízimo.', 'Dinheiro', 790, 'S', 'S'),
(771, 36, '2012-08-26', 1, 3, 'Apuraç&atilde;o de Dízimo.', 'Cheque', 150, 'S', 'S'),
(772, 36, '2012-08-27', 3, 12, 'Repasse oferta específica.', 'Dinheiro', 128.95, 'S', 'S'),
(773, 36, '2012-08-27', 3, 4, 'Depósito c/c Banestes.', 'Cheque', 150, 'S', 'S'),
(774, 36, '2012-08-27', 3, 4, 'Depósito c/c Banestes.', 'Dinheiro', 750, 'S', 'S'),
(775, 36, '2012-08-29', 3, 21, 'Pago Parco Papelaria LTDA, NF 163403.', 'Dinheiro', 24.47, 'S', 'S'),
(776, 36, '2012-08-31', 3, 22, 'Pago Grafica Mansur LTDA, NF 00904.', 'Dinheiro', 25, 'S', 'S'),
(777, 36, '2012-08-02', 4, 26, 'Repasse ao Fundo Paroquial ref. 07/12. Cheque 001053.', 'Cheque ', 3778.12, 'S', 'S'),
(778, 36, '2012-08-11', 4, 18, 'Consumo de água.', 'débito automático', 16.12, 'S', 'S'),
(779, 36, '2012-08-31', 4, 19, 'Consumo de Energia.', 'débito automático', 119.54, 'S', 'S'),
(780, 36, '2012-08-01', 72, 4, 'Desbloqueio de Depósito.', 'débito automático', 255, 'S', 'S'),
(781, 36, '2012-08-14', 3, 25, 'Pago Parfix Parafusos e Ferramentas LTDA ME, NF 3960.', 'Dinheiro', 203.98, 'S', 'S'),
(782, 37, '2012-08-05', 8, 3, 'Arrecadaç&atilde;o do Bazar: R$ 230,00\r\nArrecadaç&atilde;o Coleta de Óleo: R$ 18,00\r\nArrecadaç&atilde;o da Dona Maria Paix&atilde;o Sim&otilde;es: R$ 50,00\r\nArrecadaç&atilde;o do Sr. José Luiz Schmid: R$200,00 (Cheque)', 'Dinheiro', 498, 'S', 'S'),
(783, 37, '2012-08-06', 3, 7, 'Depósito c/c Banestes.', 'Dinheiro', 98, 'S', 'S'),
(784, 37, '2012-08-06', 3, 7, 'Depósito c/c Banestes.', 'Cheque', 400, 'S', 'S'),
(785, 37, '2012-08-06', 7, 25, 'Pago 1&ordf; Parcela &agrave; Ulican, NF 0036852/001. Cheque 000125', 'Cheque', 761.16, 'S', 'S'),
(786, 37, '2012-08-06', 7, 24, 'Pago 1&ordf; Parcela &agrave; M&atilde;o Amiga Mat. Const. LTDA ME. Cheque 000129.', 'Cheque', 636.9, 'S', 'S'),
(787, 37, '2012-08-06', 7, 24, 'Pago Bridi Madeira LTDA. Cheque 000130.', 'Cheque', 390, 'S', 'S'),
(788, 37, '2012-08-21', 7, 24, 'Pago 1&ordf; Parcela &agrave; Perfil Alumínio do Brasil S.A. Cheque 000131.', 'Cheque', 3775.88, 'S', 'S'),
(789, 37, '2012-08-21', 7, 24, 'Pago 2&ordf; Parcela &agrave; Ulica. Cheque 000132.', 'Cheque', 264, 'S', 'S'),
(790, 37, '2012-08-31', 7, 3, 'Reforço de Caixa. Cheque 000133.', 'Cheque', 3382, 'S', 'S'),
(791, 31, '2012-09-09', 1, 3, 'Apuraç&atilde;o de dizimo.', 'dinheiro', 2032, 'S', 'S'),
(792, 31, '2012-09-09', 2, 3, 'Apuraç&atilde;o de Ofertas de Missa', 'dinheiro', 97, 'S', 'S'),
(793, 31, '2012-09-11', 3, 32, 'Deposito na c/c da Comunidade(transferencia do caixa para c/c)', 'cheques', 970, 'S', 'S'),
(794, 31, '2012-09-11', 3, 18, 'Pagamento conta de &agrave;gua - CESAN', 'dinheiro', 34.6, 'S', 'S'),
(795, 31, '2012-09-11', 3, 27, 'Repasse ao Centro de formaç&atilde;o.(agosto 2012)', 'dinheiro', 19.23, 'S', 'S'),
(796, 31, '2012-09-11', 3, 26, 'Repasse ao fundo paroquial.(agosto 2012)', 'dinheiro', 1923, 'S', 'S'),
(797, 32, '2012-09-09', 1, 3, 'Demonstrativo caixa n&ordm; 383 e 384-Apuraç&atilde;o de dízimos	', 'dinheiro', 3259, 'S', 'S'),
(798, 32, '2012-09-09', 2, 3, 'Demonstrativo caixa n&ordm; 383 e 384-Apuraç&atilde;o de  oferta  missa/celeb.', 'dinheiro', 204.75, 'S', 'S'),
(799, 32, '2012-09-09', 8, 3, 'Demonstrativo caixa n&ordm; 383 e 384- Ap.oferta p/ construç&atilde;o', 'dinheiro', 100, 'S', 'S'),
(800, 32, '2012-09-12', 3, 23, 'Porto Novo Supermercados Nfe n&ordm; 1.835- Cestas básicas		', 'dinheiro', 855.4, 'S', 'S'),
(801, 32, '2012-09-14', 3, 5, 'Pagamento das Bíblias do EJC recibo n&ordm; 3731		', 'dinheiro', 141.3, 'S', 'S'),
(802, 32, '2012-09-14', 3, 33, 'Depósito Banestes CC 1618701		', 'dinheiro', 3900, 'S', 'S'),
(803, 32, '2012-09-16', 1, 3, 'Demonstrativo caixa n&ordm; 386 e 387- Ap. dízimos               	\r\n', 'dinheiro', 1618, 'S', 'S'),
(804, 32, '2012-09-16', 2, 3, 'Demonstrativo caixa n&ordm; 386 e 387- Ap. oferta missa/celebraç&atilde;o	\r\n', 'dinheiro', 341.65, 'S', 'S'),
(805, 32, '2012-09-10', 33, 18, 'Pagamento Cesan ref. 08/2012', 'Débito automático', 60.2, 'S', 'S'),
(806, 32, '2012-09-28', 35, 34, 'Rendimento Aplicaç&atilde;o financeira Banestes  09/2012', 'débito/crédito', 57.49, 'S', 'S'),
(807, 31, '2012-09-17', 3, 19, 'Pagamento da conta de luz EDP - Escelsa ', 'Dinheiro', 108.07, 'S', 'S'),
(808, 31, '2012-09-17', 1, 3, 'Apuraç&#227;o do dizimo da celebraç&#227;o de 16/09/2012', 'Dinheiro', 825, 'S', 'S'),
(809, 31, '2012-09-17', 2, 3, 'apuraç&#227;o de Ofertas da celebraç&#227;o de 16/09/2012', 'Dinheiro', 56.7, 'S', 'S'),
(810, 31, '2012-09-24', 1, 3, 'apuraç&atilde;o de dizimo da celebraç&atilde;o de 23/09/2121', 'dinheiro', 265, 'S', 'S'),
(811, 31, '2012-09-24', 2, 3, 'Apuraç&atilde;o de ofertas da celebraç&atilde;o de 23/09/2121', 'dinheiro', 75.2, 'S', 'S'),
(816, 31, '2012-09-21', 3, 36, 'Compra de 01 elemento filtrante AP-200 CAR. para o bebedouro do sal&#227;o. ', 'Dinheiro', 35, 'S', 'S'),
(817, 31, '2012-09-27', 3, 24, 'Compra de material para reforma do templo.', 'Dinheiro', 490.1, 'S', 'S'),
(818, 31, '2012-09-30', 1, 3, 'Apuraç&#227;o de dizimo da celebraç&#227;o de 30/09/2012', 'Dinheiro', 392, 'S', 'S'),
(819, 31, '2012-09-30', 2, 3, 'Apuraç&#227;o de Ofertas da celebraç&#227;o de 30/09/2012', 'Dinheiro', 51.25, 'S', 'S'),
(820, 32, '2012-09-18', 3, 5, 'Pia Sociedade filhas de S&atilde;o Paulo Nfe 2113- Bíblias		', 'dinheiro', 277, 'S', 'S'),
(821, 32, '2012-09-23', 1, 3, 'Demonstrativo caixa n&ordm; 389 e 390-Apuraç&atilde;o de dízimos	', 'dinheiro', 350, 'S', 'S'),
(822, 32, '2012-09-23', 2, 3, 'Demonstrativo caixa n&ordm; 389 e 390-Ap.de oferta missa /celebraç&atilde;o	', 'dinheiro', 237.6, 'S', 'S'),
(823, 32, '2012-09-25', 3, 20, 'Embalagens Glória Com. Ltda Me Nfe 899		', 'dinheiro', 22.95, 'S', 'S'),
(824, 32, '2012-09-26', 3, 25, 'Atacado S&atilde;o Paulo Nfe 248937-Mause p/ retroprojetor		', 'dinheiro', 17.9, 'S', 'S'),
(825, 32, '2012-09-28', 3, 21, 'Papelaria Monteiro  NF 1777		\r\n', 'dinheiro', 23.3, 'S', 'S'),
(826, 32, '2012-09-28', 3, 5, 'Julvan Com. e  Repres. Ltda CF 3312		', 'dinheiro', 34.6, 'S', 'S'),
(827, 32, '2012-09-30', 1, 3, 'Demonstrativo caixa n&ordm; 392 e 393-Apuraç&atilde;o de dízimos	', 'dinheiro', 1575, 'S', 'S'),
(828, 32, '2012-09-30', 1, 3, 'Demonstrativo caixa n&ordm; 392 e 393-Apuraç&atilde;o de dízimos	', 'cheque', 400, 'S', 'S'),
(829, 32, '2012-09-30', 2, 3, 'Demonstrativo caixa n&ordm; 392 e 393-Apuraç&atilde;o de oferta  missa/celebraç&atilde;o	', 'dinheiro', 201.35, 'S', 'S'),
(830, 32, '2012-09-26', 3, 5, 'Holambelo Vit. Flores e plantas Ltda Nfe 8746		', 'dinheiro', 270, 'S', 'S'),
(831, 32, '2012-09-28', 33, 19, 'Pagamento Escelsa ref. 09/2012', 'débito Automático', 210.65, 'S', 'S'),
(832, 32, '2012-09-03', 3, 5, 'Gráfica Mansur Ltda NFSe n&ordm; 905- lembrança aos dizimistas		', 'dinheiro', 25, 'S', 'S'),
(833, 39, '2012-10-01', 3, 24, 'Cutini Material Elétrico Ltda Epp Nfe 2201		', 'dinheiro', 70, 'S', 'S'),
(834, 39, '2012-10-01', 3, 5, 'Lisbel tecidos Ltda Epp Nfe 2270		\r\n', 'dinheiro', 11.97, 'S', 'S'),
(835, 39, '2012-10-02', 3, 22, 'Itapoa Supermercados Ltda Nfe 6455		', 'dinheiro', 127.96, 'S', 'S'),
(836, 39, '2012-10-02', 3, 5, 'Pia Sociedade de S&atilde;o Paulo CF 47200		', 'dinheiro', 13.6, 'S', 'S'),
(837, 39, '2012-10-02', 3, 23, 'Alpha Brasil Distrib. Ltda Me CF 16791		', 'dinheiro', 120.5, 'S', 'S'),
(838, 39, '2012-10-02', 3, 22, 'Pgto prof. Flávio B. do Rosário RPA 1553		', 'dinheiro', 467.25, 'S', 'S'),
(839, 39, '2012-10-03', 3, 16, 'Salário de Francisca L.Antunes Rec. 3741		', 'dinheiro', 620.36, 'S', 'S'),
(840, 39, '2012-10-03', 3, 22, 'Encargos sociais do RPA de Prof. Flávio B. do Rosário n&ordm; 1553 rec. 3742		', 'dinheiro', 162.75, 'S', 'S'),
(841, 39, '2012-10-03', 3, 27, 'Centro de formaç&atilde;o m&ecirc;s 09/12 rec. 3740				', 'dinheiro', 53.32, 'S', 'S'),
(842, 39, '2012-10-03', 3, 22, 'Estúdio Box NFs n&ordm; 0114		', 'dinheiro', 30, 'S', 'S'),
(843, 39, '2012-10-03', 3, 21, 'Parco Papelaria Ltda Nfe 171657		', 'dinheiro', 49.69, 'S', 'S'),
(844, 39, '2012-10-03', 33, 3, 'Recebido cheque Banestes n&ordm; 000889	', 'cheque', 3500, 'S', 'S'),
(845, 39, '2012-10-03', 3, 26, 'Fundo Paroquial m&ecirc;s 09/12 rec. 3743		', 'dinheiro', 5331.8, 'S', 'S'),
(846, 42, '2012-10-02', 3, 24, 'Compra de revestimento ceramico para reforma do templo ', 'Dinheiro', 640.08, 'S', 'S'),
(847, 42, '2012-10-03', 3, 20, 'Compra de material de limpeza para os banheiros do templo. CCF: 119530   COD: 182737', 'Dinheiro', 10.95, 'S', 'S'),
(848, 42, '2012-10-03', 3, 36, 'Compra de 03 cestos de lixo para salas.', 'Dinheiro', 43.46, 'S', 'S'),
(849, 42, '2012-10-08', 3, 26, 'Deposito fundo paroquial recibo n&#186; 0003757', 'Dinheiro', 2525.2, 'S', 'S'),
(850, 42, '2012-10-08', 3, 27, 'Deposito para centro de formaç&#227;o- recibo n° 0003758', 'Dinheiro', 25.2, 'S', 'S'),
(851, 42, '2012-10-08', 1, 3, 'Apuraç&#227;o de dizimo da celebraç&#227;o de 07/10/2012', 'Dinheiro', 1639, 'S', 'S'),
(852, 42, '2012-10-08', 2, 3, 'Apuraç&#227;o de Ofertas da celebraç&#227;o de 07/10/2012.', 'Dinheiro', 48, 'S', 'S'),
(853, 42, '2012-10-09', 3, 18, 'Pagamento da conta de agua CESAN', 'Dinheiro', 36.67, 'S', 'S'),
(854, 38, '2012-09-02', 2, 3, 'Apuraç&atilde;o de Oferta de Missa.', 'Dinheiro', 46.95, 'S', 'S'),
(855, 38, '2012-09-02', 1, 3, 'Apuraç&atilde;o de Dízimo.', 'Dinheiro', 610, 'S', 'S'),
(856, 38, '2012-09-03', 75, 3, 'Recebido da conta construç&atilde;o 12.224.267 para reforço de caixa. Cheque n&ordm;000133.', 'Cheque', 3382, 'S', 'S'),
(857, 38, '2012-09-05', 3, 16, 'Pago salário ref. 08/12.', 'Dinheiro', 374.43, 'S', 'S'),
(858, 38, '2012-09-05', 3, 27, 'Pago Repasse ao Centro de Formaç&atilde;o ref. 08/12.', 'Dinheiro', 25.76, 'S', 'S'),
(859, 38, '2012-09-05', 3, 28, 'Pago 6&ordf; parcela de taxas municipais.', 'Dinheiro', 24.9, 'S', 'S'),
(860, 38, '2012-09-05', 3, 4, 'Depósito c/c Banestes.', 'Dinheiro', 500, 'S', 'S'),
(861, 38, '2012-09-06', 3, 22, 'Pago Comercial Braizer LTDA ME, cupom fiscal.', 'Dinheiro', 42.35, 'S', 'S'),
(862, 38, '2012-09-09', 2, 3, 'Apuraç&atilde;o de Oferta de Missa.', 'Dinheiro', 114.75, 'S', 'S'),
(863, 38, '2012-09-09', 1, 3, 'Apuraç&atilde;o de Dízimo.', 'Dinheiro', 710, 'S', 'S'),
(864, 38, '2012-09-09', 1, 3, 'Apuraç&atilde;o de Dízimo.', 'Cheque', 505, 'S', 'S'),
(865, 38, '2012-09-10', 3, 4, 'Depósito c/c Banestes.', 'Dinheiro', 1300, 'S', 'S'),
(866, 38, '2012-09-10', 3, 4, 'Depósito c/c Banestes.', 'Cheque', 705, 'S', 'S'),
(867, 38, '2012-09-10', 3, 17, 'Pago encargos sociais ref. 08/12.', 'Dinheiro', 181.1, 'S', 'S'),
(868, 38, '2012-09-12', 3, 22, 'Pago Realmar Distribuidora LTDA, NF 005999.', 'Dinheiro', 58.47, 'S', 'S'),
(869, 38, '2012-09-15', 3, 71, 'Pago Shopping dos Cartuchos LTDA ME, NF 01794.', 'Dinheiro', 15, 'S', 'S'),
(870, 38, '2012-09-16', 2, 3, 'Apuraç&atilde;o de Oferta de Missa.', 'Dinheiro', 131.25, 'S', 'S'),
(871, 38, '2012-09-16', 1, 3, 'Apuraç&atilde;o de Dízimo.', 'Dinheiro', 765, 'S', 'S'),
(872, 38, '2012-09-16', 1, 3, 'Apuraç&atilde;o de Dízimo.', 'Cheque', 450, 'S', 'S'),
(873, 38, '2012-09-17', 3, 4, 'Depósito c/c Banestes.', 'Dinheiro', 500, 'S', 'S'),
(874, 38, '2012-09-17', 3, 4, 'Depósito c/c Banestes.', 'Cheque', 450, 'S', 'S'),
(875, 38, '2012-09-17', 3, 24, 'Pago Chaveiro Oliveira, conforme recibo.', 'Dinheiro', 20, 'S', 'S'),
(876, 38, '2012-09-17', 3, 24, 'Pago Madeira Rodovia LTDA ME, conforme Cupom Fiscal.', 'Dinheiro', 137.5, 'S', 'S'),
(877, 38, '2012-09-17', 3, 24, 'Pago Viva Comercio de Ferro LTDA ME.', 'Dinheiro', 85, 'S', 'S'),
(878, 38, '2012-09-17', 3, 22, 'Repasse referente a 10 bíblias para o EJC.', 'Dinheiro', 157.1, 'S', 'S'),
(879, 38, '2012-09-22', 3, 22, 'Pago Valdir Neitzel, conforme cumpom fiscal.', 'Dinheiro', 45, 'S', 'S'),
(880, 38, '2012-09-23', 2, 3, 'Apuraç&atilde;o de Oferta de Missa.', 'Dinheiro', 89.8, 'S', 'S'),
(881, 38, '2012-09-23', 1, 3, 'Apuraç&atilde;o de Dízimo.', 'Dinheiro', 690, 'S', 'S'),
(882, 38, '2012-09-23', 1, 3, 'Apuraç&atilde;o de Dízimo.', 'Cheque', 50, 'S', 'S'),
(883, 38, '2012-09-25', 3, 22, 'Pago Pia Soc. S&atilde;o Paulo.', 'Dinheiro', 8.6, 'S', 'S'),
(884, 38, '2012-09-27', 3, 4, 'Depósito c/c Banestes.', 'Cheque ', 50, 'S', 'S'),
(885, 38, '2012-09-29', 3, 23, 'Pago Edemar Medina Cardoso.', 'Dinheiro', 200, 'S', 'S'),
(886, 38, '2012-09-30', 2, 3, 'Apuraç&atilde;o de Oferta de Missa.', 'Dinheiro', 92.65, 'S', 'S'),
(887, 38, '2012-09-30', 1, 3, 'Apuraç&atilde;o de Dízimo.', 'Dinheiro', 305, 'S', 'S'),
(888, 38, '2012-09-30', 1, 3, 'Apuraç&atilde;o de Dízimo.', 'Cheque', 100, 'S', 'S'),
(889, 38, '2012-09-06', 4, 26, 'Pago Fundo Paroquial ref. 08/12, Cheque n&ordm; 001054.', 'Cheque', 2576.4, 'S', 'S'),
(891, 38, '2012-09-11', 4, 18, 'Consumo de água - Cesan ref. 08/12.', 'débito automático', 19.2, 'S', 'S'),
(892, 38, '2012-09-12', 4, 24, 'Pago M&atilde;o Amiga Mat. Const. LTDA, Cheque n&ordm; 001055.', 'Cheque', 636.9, 'S', 'S'),
(893, 38, '2012-09-12', 4, 24, 'Pago 2&ordf; parcela da aquisiç&atilde;o de telhado, Perfil Alumínio do Brasil S.A, cheque n&ordm; 001056.', 'Cheque', 3775.88, 'S', 'S'),
(894, 38, '2012-09-28', 4, 24, 'Pago Madeira Rodovia LTDA ME, cheque n&ordm;001057.', 'Cheque', 250, 'S', 'S'),
(895, 38, '2012-09-28', 4, 19, 'Pago consumo de energia.', 'débito automático', 144.02, 'S', 'S'),
(896, 43, '2012-09-09', 8, 3, 'Recebido em oferta.', 'Dinheiro', 250, 'S', 'S'),
(897, 43, '2012-09-10', 3, 7, 'Depósito c/c Banestes.', 'Dinheiro', 250, 'S', 'S'),
(898, 43, '2012-09-06', 7, 24, 'Pago Madeira Rodovia LTDA, cheque n&ordm; 000135.', 'Cheque ', 292, 'S', 'S'),
(899, 43, '2012-09-12', 7, 24, 'Pago Ulican, cheque n&ordm; 000136.', 'Cheque', 761.16, 'S', 'S'),
(900, 43, '2012-09-06', 7, 24, 'Pago Madesubal Madeiras Sul Bahia LTDA, cheque n&ordm; 000134.', 'Cheque', 1441, 'S', 'S'),
(901, 43, '2012-09-03', 3, 75, 'Reforço de caixa.', 'Cheque', 3382, 'S', 'S'),
(902, 43, '2012-09-30', 8, 3, 'Doaç&otilde;es para Jornada Mundial da Juventude 2013.', 'Dinheiro', 131, 'S', 'S'),
(904, 38, '2012-09-12', 3, 36, 'Gasto com juros bancários.', 'Dinheiro', 1.75, 'S', 'S'),
(905, 42, '2012-10-14', 1, 3, 'Apuraç&#227;o de Dizimo da missa de 14/10/2012', 'Dinheiro', 1340, 'S', 'S'),
(906, 42, '2012-10-14', 2, 3, 'Apuraç&#227;o de Ofertas de Missa do dia 14/10/2012', 'Dinheiro', 118.2, 'S', 'S'),
(907, 42, '2012-10-10', 3, 24, 'Compra de material para reforma do templo.', 'Dinheiro', 41.45, 'S', 'S'),
(908, 42, '2012-10-11', 3, 32, 'deposito na c/c 10197374 (transferencia do caixa para c/c.)', 'Dinheiro', 300, 'S', 'S'),
(909, 42, '2012-10-21', 1, 3, 'Apuraç&#227;o de dizimo da celebraç&#227;o de 21/10/2012', 'Dinheiro', 410, 'S', 'S'),
(910, 42, '2012-10-21', 14, 3, 'Ofertas especial(Miss&#245;es)de 21/10/2012', 'Dinheiro', 204.55, 'S', 'S'),
(911, 42, '2012-10-18', 3, 19, 'Pagamento de energia elétrica. EDP - Escelsa.', 'Dinheiro', 97.73, 'S', 'S'),
(912, 42, '2012-10-24', 3, 22, 'Compra de 02 baterias de 09 volts para uso nos microfones sem fio da Pastoral da Musica Litúrgica.\r\nN.F. 06580 ', 'Dinheiro', 21.8, 'S', 'S'),
(913, 42, '2012-10-24', 3, 68, 'Deposito para coleta especial miss&#245;es e Santa Infância conf. recibo da Paróquia 0003769 de 24/10/2012', 'Dinheiro', 204.55, 'S', 'S'),
(914, 42, '2012-10-24', 3, 32, 'deposito na c/c: 10197374 (transferencia do caixa para c.c.)', 'Dinheiro', 1600, 'S', 'S'),
(915, 42, '2012-10-26', 15, 32, ' Apuraç&#227;o com a aç&#227;o entre amigos sorteada no dia 12/12/2012 e depositado na c.c. 10197374.', 'Dinheiro', 2000, 'S', 'S'),
(916, 42, '2012-10-28', 1, 3, 'Apuraç&atilde;o de Dízimo da missa de 28/10/2012', ' Dinheiro', 522, 'S', 'S'),
(917, 42, '2012-10-28', 2, 3, 'Apuraç&atilde;o de ofertas de missa de 28/10/2012.', 'Dinheiro', 135.65, 'S', 'S'),
(918, 42, '2012-10-26', 3, 24, 'Compra de revestimento para reforma do templo.', 'Dinheiro', 7800, 'S', 'S'),
(919, 39, '2012-10-07', 1, 3, 'Demonstrativo caixa n&ordm; 395- Apuraç&atilde;o de dízimos	', 'dinheiro', 3105, 'S', 'S'),
(920, 39, '2012-10-07', 2, 3, 'Demonstrativo caixa n&ordm; 395 Apuraç&atilde;o de of. de missa/celebraç&atilde;o  	', 'dinheiro', 206.8, 'S', 'S'),
(921, 39, '2012-10-08', 3, 22, 'Antônio André Milanez Me- CF 5950- descartáveis	', 'dinheiro', 19.9, 'S', 'S'),
(922, 39, '2012-10-08', 3, 22, 'Bel Pelúcia Ltda Me CF 798- descartáveis		\r\n', 'dinheiro', 6, 'S', 'S'),
(923, 39, '2012-10-08', 3, 5, 'Sandra Luiza da Silva NF avulsa  n&ordm; 51427-vestes litúrgicas		', 'dinheiro', 254.2, 'S', 'S'),
(924, 39, '2012-10-09', 3, 22, 'Cátia Simone L. Ferreira Me NF 2168- festa dia das crianças		', 'dinheiro', 176.7, 'S', 'S'),
(925, 39, '2012-10-09', 3, 22, 'Shopping  embalagens Com.emb. Ltda NFe 066- festa dia das crianças		\r\n', 'dinheiro', 29.9, 'S', 'S'),
(926, 39, '2012-10-10', 3, 5, 'Pia Sociedade de S. Paulo CF 22032		', 'dinheiro', 18.2, 'S', 'S'),
(927, 39, '2012-10-11', 3, 22, 'Porto Novo supermercados Nfe 1933- festa dia das crianças		', 'dinheiro', 122.2, 'S', 'S'),
(928, 39, '2012-10-14', 1, 3, 'Demonstrativo caixa n&ordm; 397 e 398-Apuraç&atilde;o de dízimos	\r\n', 'dinheiro', 1939, 'S', 'S'),
(929, 39, '2012-10-14', 2, 3, 'Demonstrativo caixa n&ordm; 397 e 398- Apuraç&atilde;o de of. missa/celebraç&atilde;o	', 'dinheiro', 105.7, 'S', 'S'),
(930, 39, '2012-10-15', 3, 74, 'Atacado S&atilde;o Paulo Nfe 254154- descartáveis		', 'dinheiro', 40.9, 'S', 'S'),
(931, 39, '2012-10-19', 3, 23, 'Porto Novo supermercados Nfe 1955- cestas básicas		\r\n', 'dinheiro', 881.4, 'S', 'S'),
(932, 39, '2012-10-21', 1, 3, 'Demonstrativo caixa n&ordm; 400 e 401-Apuraç&atilde;o de dízimos	\r\n', 'dinheiro', 1125, 'S', 'S'),
(933, 39, '2012-10-21', 1, 3, 'Demonstrativo caixa n&ordm; 400 e 401-Apuraç&atilde;o de dízimos	', 'cheque', 50, 'S', 'S'),
(934, 39, '2012-10-21', 14, 3, 'Demonstrativo caixa n&ordm; 400 e 401-Ap.de of. esp.miss&otilde;es e S.infância', 'dinheiro', 560.05, 'S', 'S'),
(935, 39, '2012-10-22', 3, 14, 'Oferta espec. miss&otilde;es e Santa Infância Rec 3766 		', 'dinheiro', 560.05, 'S', 'S'),
(936, 39, '2012-10-22', 3, 22, 'Pia Sociedade de S&atilde;o Paulo Nfe 3689		', 'dinheiro', 18.75, 'S', 'S'),
(937, 39, '2012-10-24', 3, 20, 'Porto Novo supermercados Nfe 1976		', 'dinheiro', 24.89, 'S', 'S'),
(938, 39, '2012-10-24', 3, 5, 'Holambelo Vitória F. e plantas Ltda Nfe 9055		', 'dinheiro', 470, 'S', 'S'),
(939, 39, '2012-10-26', 3, 22, 'Melissa Louvatti Maia das flores Me CF 4405		', 'dinheiro', 22.5, 'S', 'S'),
(940, 39, '2012-10-28', 1, 3, 'Demonstrativo caixa n&ordm; 403 e 404-Apuraç&atilde;o de dízimos	', 'dinheiro', 1145, 'S', 'S'),
(941, 39, '2012-10-28', 1, 3, 'Demonstrativo caixa n&ordm; 403 e 404-Apuraç&atilde;o de dízimos	', 'cheque', 400, 'S', 'S'),
(942, 39, '2012-10-28', 2, 3, 'Demonstrativo caixa n&ordm; 403 e 404-Apuraç&atilde;o of. missa/celebraç&atilde;o	', 'dinheiro', 332.7, 'S', 'S'),
(943, 39, '2012-10-29', 3, 21, 'Papelaria Monteiro NF 1794		', 'dinheiro', 47, 'S', 'S'),
(944, 39, '2012-10-30', 3, 22, 'Padaria MCI Ltda Me NF 2139	- festa dia das crianças	', 'dinheiro', 135, 'S', 'S'),
(945, 39, '2012-10-30', 3, 24, 'Refrial Refrigeraç&atilde;o Ltda Me CF 3117		', 'dinheiro', 20, 'S', 'S'),
(946, 39, '2012-10-31', 3, 5, 'Pia Sociedade de S&atilde;o Paulo CF 22818		', 'dinheiro', 8.6, 'S', 'S'),
(947, 39, '2012-10-31', 3, 74, 'Parco Papelaria Ltda Nfe 178432		', 'dinheiro', 98.47, 'S', 'S'),
(948, 39, '2012-10-31', 35, 34, 'Rendimento Aplicaç&atilde;o financeira Banestes  10/2012', 'débito/crédito', 65.41, 'S', 'S'),
(949, 39, '2012-10-09', 33, 18, 'Pagamento Cesan ref. 09/2012', 'débito automático', 60.2, 'S', 'S'),
(950, 39, '2012-10-31', 33, 19, 'Pagamento escelsa ref.10/2012', 'débito automático', 214.44, 'S', 'S'),
(951, 42, '2012-10-30', 3, 24, 'Material para reforma do templo - CCF:015470 cod:019278', 'dinheiro', 156.8, 'S', 'S'),
(952, 42, '2012-10-30', 32, 28, 'Tar. adic. chq. 000143 - Banestes', 'dinheiro', 8.6, 'S', 'S'),
(953, 44, '2012-11-01', 3, 26, 'Fundo paroquial m&ecirc;s 10/2012 rec. 3772		\r\n', 'dinheiro', 4204.6, 'S', 'S'),
(954, 44, '2012-11-01', 3, 27, 'Centro de formaç&atilde;o m&ecirc;s 10/2012 rec. 3773		\r\n', 'dinheiro', 42.04, 'S', 'S'),
(955, 44, '2012-11-01', 3, 16, 'Pgto salario de Francisca mes 10/12 rec. 3774		\r\n', 'dinheiro', 614.43, 'S', 'S'),
(956, 44, '2012-11-01', 3, 24, 'Ventilar mat. Eletrico Ltda Me NF 4046-ventilador sal&atilde;o principal		', 'dinheiro', 139.9, 'S', 'S'),
(957, 44, '2012-11-01', 3, 33, 'Depósito Banestes cc 1618701		', 'cheque', 450, 'S', 'S'),
(958, 44, '2012-11-02', 1, 3, 'Demonstrativo caixa n&ordm; 408- Ap. dízimos	\r\n', 'dinheiro', 420, 'S', 'S'),
(959, 44, '2012-11-02', 2, 3, 'Demonstrativo caixa n&ordm; 408- Ap. of. missa/celebraç&atilde;o	', 'dinheiro', 284.75, 'S', 'S'),
(960, 44, '2012-11-03', 3, 23, 'Alpha Brasil Distr. Ltda Me CF 20002		', 'dinheiro', 91.9, 'S', 'S'),
(961, 44, '2012-11-04', 2, 3, 'Demonstrativo caixa n&ordm; 410 e 411-Ap. of. missa/ celebraç&atilde;o	', 'dinheiro', 205.6, 'S', 'S'),
(962, 44, '2012-11-04', 1, 3, 'Demonstrativo caixa n&ordm; 410 e 411-Ap. dízimos 	', 'dinheiro', 2520, 'S', 'S'),
(963, 44, '2012-11-05', 3, 25, 'Infopel Com.de Inform.Ltda Me Nfe 3863- Pendrive p/cópia de arquivos do dízimo		', 'dinheiro', 21, 'S', 'S'),
(964, 44, '2012-11-05', 3, 17, 'Enc.sociais ref. RPA n&ordm; 1895 de Flávio rec. 3779		', 'dinheiro', 151.9, 'S', 'S'),
(965, 44, '2012-11-05', 3, 33, 'Depósito Banestes cc 1618701		', 'dinheiro', 3500, 'S', 'S'),
(966, 42, '2012-10-26', 32, 3, 'Tranfer&ecirc;ncia', 'Cheque', 7800, 'S', 'S'),
(967, 44, '2012-11-05', 33, 34, 'Aplicaç&atilde;o financeira cc 1618701', 'débito/crédito', 3500, 'S', 'S'),
(968, 44, '2012-11-06', 3, 23, '\r\nPresente p/ Padre Arlindo Rec. n 3782', 'dinheiro', 24, 'S', 'S');
INSERT INTO `unts_item_mov` (`item_id`, `movim_id`, `item_data`, `conta_id_e`, `conta_id_s`, `item_historico`, `item_documento`, `item_valor`, `item_efetivado`, `item_ativo`) VALUES
(969, 45, '2012-11-04', 1, 3, 'Apuraç&atilde;o de dízimo da celebraç&atilde;o de 04/11/2012.', 'Dinheiro', 1412, 'S', 'S'),
(970, 45, '2012-11-04', 2, 3, 'Apuraç&atilde;o de ofertas da celebraç&atilde;o de 04/11/2012.', 'dinheiro', 75.9, 'S', 'S'),
(971, 46, '2012-10-01', 3, 24, 'Pago Raqueth Material de Construç&atilde;o LTDA.', 'Dinheiro', 6.2, 'S', 'S'),
(972, 46, '2012-10-01', 3, 4, 'Depósito c/c Banestes.', 'Dinheiro', 100, 'S', 'S'),
(973, 46, '2012-10-02', 3, 28, 'Pago 7&ordf; parcela de taxas municipal.', 'Dinheiro', 24.9, 'S', 'S'),
(974, 46, '2012-10-02', 3, 22, 'Pago Realmar Distribuidora LTDA, NF 006216.', 'Dinheiro', 38.66, 'S', 'S'),
(975, 46, '2012-10-03', 3, 16, 'Pago salário de Funcionário Cláudia Rogério Freire, ref. 09/12.', 'Dinheiro', 374.43, 'S', 'S'),
(976, 46, '2012-10-03', 3, 17, 'Pago encargos sociais ref. 09/12.', 'Dinheiro', 181.11, 'S', 'S'),
(977, 46, '2012-10-03', 3, 27, 'Repasse para o centro de formaç&atilde;o ref. 09/12.', 'Dinheiro', 22.8, 'S', 'S'),
(978, 46, '2012-10-05', 3, 22, 'Pago Comercial Braizer LTDA ME.', 'Dinheiro', 15.3, 'S', 'S'),
(979, 46, '2012-10-06', 3, 22, 'Pago Valdir Neitzel.', 'Dinheiro', 15, 'S', 'S'),
(980, 46, '2012-10-07', 2, 3, 'Apuraç&atilde;o de oferta de missa.', 'Dinheiro', 77.25, 'S', 'S'),
(981, 46, '2012-10-07', 1, 3, 'Apuraç&atilde;o de dízimo.', 'Dinheiro', 1795, 'S', 'S'),
(982, 46, '2012-10-07', 1, 3, 'Apuraç&atilde;o de dízimo.', 'Cheque', 400, 'S', 'S'),
(983, 46, '2012-10-08', 3, 4, 'Depósito c/c Banestes.', 'Dinheiro', 1400, 'S', 'S'),
(984, 46, '2012-10-08', 3, 4, 'Depósito c/c Banestes.', 'Cheque', 675, 'S', 'S'),
(985, 46, '2012-10-08', 3, 24, 'Pago Ulican 1/1.', 'Dinheiro', 311.39, 'S', 'S'),
(986, 46, '2012-10-14', 2, 3, 'Apuraç&atilde;o de oferta de missa.', 'Dinheiro', 186.25, 'S', 'S'),
(987, 46, '2012-10-14', 1, 3, 'Apuraç&atilde;o de dízimo.', 'Dinheiro', 475, 'S', 'S'),
(988, 46, '2012-10-14', 1, 3, 'Apuraç&atilde;o de dízimo.', 'Cheque', 250, 'S', 'S'),
(989, 46, '2012-10-15', 3, 4, 'Depósito c/c Banestes.', 'Dinheiro', 635, 'S', 'S'),
(990, 46, '2012-10-15', 3, 4, 'Depósito c/c Banestes.', 'Cheque', 250, 'S', 'S'),
(991, 46, '2012-10-17', 3, 24, 'Pago Cutini Material Elétrico LTDA.', 'Dinheiro', 11.52, 'S', 'S'),
(992, 46, '2012-10-20', 14, 3, 'Apuraç&atilde;o de oferta específica.', 'Dinheiro', 145.8, 'S', 'S'),
(993, 46, '2012-10-21', 1, 3, 'Apuraç&atilde;o de dízimo.', 'Dinheiro', 235, 'S', 'S'),
(994, 46, '2012-10-22', 3, 4, 'Depósito c/c Banestes.', 'Dinheiro', 185, 'S', 'S'),
(995, 46, '2012-10-22', 3, 14, 'Repasse oferta específica.', 'Dinheiro', 145.8, 'S', 'S'),
(996, 46, '2012-10-22', 3, 26, 'Pago diferença de Fundo Paroquial ref. 09/12.', 'Dinheiro', 50, 'S', 'S'),
(997, 46, '2012-10-27', 3, 22, 'Pago Padaria MCI LTDA ME.', 'Dinheiro', 72.5, 'S', 'S'),
(998, 46, '2012-10-28', 2, 3, 'Apuraç&atilde;o de oferta de missa.', 'Dinheiro', 139, 'S', 'S'),
(999, 46, '2012-10-28', 1, 3, 'Apuraç&atilde;o de dízimo.', 'Dinheiro', 585, 'S', 'S'),
(1000, 46, '2012-10-28', 1, 3, 'Apuraç&atilde;o de dízimo.', 'Cheque', 290, 'S', 'S'),
(1001, 46, '2012-10-29', 3, 22, 'Pago Pia Soc. S&atilde;o Paulo LTDA.', 'Dinheiro', 13.6, 'S', 'S'),
(1002, 46, '2012-10-29', 3, 4, 'Depósito c/c Banestes.', 'Cheque', 290, 'S', 'S'),
(1003, 46, '2012-10-30', 3, 22, 'Pago Luiz Guilherme de Oliveira Borges Transporte da catequese.', 'Dinheiro', 170, 'S', 'S'),
(1004, 46, '2012-10-03', 4, 3, 'Transfer&ecirc;ncia para reforço de caixa. Cheque 001058.', 'Cheque', 500, 'S', 'S'),
(1005, 46, '2012-10-03', 4, 26, 'Repasse fundo paroquial. Cheque 001059.', 'Cheque', 2280.2, 'S', 'S'),
(1006, 46, '2012-10-03', 4, 20, 'Pago Comercial América Produtos de Limpeza LTDA. Cheque 001060.', 'Cheque', 238.23, 'S', 'S'),
(1007, 46, '2012-10-03', 4, 24, 'Pago Politintas LTDA. Cheque 001061.', 'Cheque', 120, 'S', 'S'),
(1008, 46, '2012-10-11', 4, 18, 'Débito em conta de consumo de água, ref. 09/12.', 'débito automático', 20.35, 'S', 'S'),
(1009, 46, '2012-10-15', 4, 24, 'Pago Perfil Alumínio de Brasil S.A, 3&ordf; parcela. Cheque 001062.', 'Cheque', 3775.89, 'S', 'S'),
(1010, 46, '2012-10-31', 4, 19, 'Débito em conta de consumo de energia ref. 09/12.', 'débito automático', 147.19, 'S', 'S'),
(1011, 47, '2012-10-08', 3, 7, 'Depósito c/c Banestes.', 'Dinheiro', 131, 'S', 'S'),
(1012, 47, '2012-10-07', 15, 3, 'Venda de Bazar.', 'Dinheiro', 15, 'S', 'S'),
(1013, 47, '2012-10-08', 3, 7, 'Depósito c/c Banestes.', 'Dinheiro', 15, 'S', 'S'),
(1014, 47, '2012-10-07', 8, 3, 'Recebimento de Doaç&otilde;es.', 'Dinheiro', 260, 'S', 'S'),
(1015, 47, '2012-10-08', 3, 7, 'Depósito c/c Banestes.', 'Dinheiro', 260, 'S', 'S'),
(1016, 47, '2012-10-21', 8, 3, 'Arrecadaç&atilde;o para Jornada Mundial da Juventude 2013.', 'Dinheiro', 273, 'S', 'S'),
(1017, 47, '2012-10-22', 3, 7, 'Depósito c/c Banestes.', 'Dinheiro', 273, 'S', 'S'),
(1018, 44, '2012-11-06', 3, 22, 'Flávio B. do Rosário-Aula de musica m&ecirc;s 11/12 		', 'dinheiro', 436.1, 'S', 'S'),
(1020, 44, '2012-11-12', 3, 36, 'Fogos Imbrasil Com. Ltda Me NFe 109- Comemoraç&atilde;o festa Santa Luzia 		\r\n', 'dinheiro', 140, 'S', 'S'),
(1021, 44, '2012-11-11', 1, 3, 'Demonstrativo caixa n&ordm; 415 e 416- dízimos		\r\n', 'dinheiro', 2287, 'S', 'S'),
(1022, 44, '2012-11-11', 2, 3, 'Demonstrativo caixa n&ordm; 415 e 416- of. missa/celebraç&atilde;o	', 'dinheiro', 157.85, 'S', 'S'),
(1023, 45, '2012-11-11', 1, 3, 'Apuraç&#227;o de dizimo da missa de 11/11/2012', 'Dinheiro', 1332, 'S', 'S'),
(1024, 45, '2012-11-11', 2, 3, 'Apuraç&#227;o de ofertas da missa de 11/04/2012', 'Dinheiro', 159.05, 'S', 'S'),
(1025, 45, '2012-11-12', 3, 18, 'Pagamento de Água a Cesan', 'Dinheiro', 33.21, 'S', 'S'),
(1026, 45, '2012-11-12', 3, 26, 'Repasse para o fundo paroquial, conforme recibo da Paróquia n&#186; 0003796', 'Dinheiro', 2106.42, 'S', 'S'),
(1027, 45, '2012-11-12', 3, 27, 'Repasse para o Centro de Formaç&#227;o, conforme recibo da Paróquia n° 0003797.', 'Dinheiro', 21.06, 'S', 'S'),
(1028, 45, '2012-11-13', 3, 36, 'Depósito p/ pagamento de presente do Padre Arlindo. conf. recibo da Paroquia n&#186; 0003798.', 'Dinheiro', 24, 'S', 'S'),
(1029, 45, '2012-11-13', 3, 20, 'Compra de material para limpeza do templo.\r\nconf. CCF: 072495  COD: 187801', 'Dinheiro', 55.81, 'S', 'S'),
(1030, 45, '2012-11-18', 1, 3, 'Apuraç&#227;o do dízimo da celebraç&#227;o de 18/11/2012.', 'Dinheiro', 605, 'S', 'S'),
(1031, 45, '2012-11-18', 2, 3, 'Apuraç&#227;o de ofertas da celebraç&#227;o de 18/11/2012.', 'Dinheiro', 43.3, 'S', 'S'),
(1032, 45, '2012-11-20', 3, 32, 'Depósito: transferencia do caixa para c/c 10197374 ', 'Dinheiro', 800, 'S', 'S'),
(1033, 45, '2012-11-20', 3, 19, 'Pagamento de conta de Luz - Escelsa', 'Dinheiro', 72.3, 'S', 'S'),
(1034, 44, '2012-11-18', 1, 3, 'Demonstrativo caixa n&ordm; 418 e 419- Ap. Dízimos	', 'dinheiro', 1615, 'S', 'S'),
(1035, 44, '2012-11-18', 2, 3, 'Demonstrativo caixa n&ordm; 418 e 419- Ap. of. missa/celebraç&atilde;o 	', 'dinheiro', 210.7, 'S', 'S'),
(1036, 44, '2012-11-18', 8, 3, 'Demonstr. caixa n&ordm; 418 e 419- of. p/ construç&atilde;o	', 'dinheiro', 50, 'S', 'S'),
(1037, 44, '2012-11-19', 3, 23, 'Porto novo supermercados Nfe 2073-Cestas básicas		', 'dinheiro', 881.51, 'S', 'S'),
(1038, 44, '2012-11-20', 3, 22, 'Shopping das embalagens Ltda Nfe 109-confrat. fim de ano das equipes		\r\n', 'dinheiro', 82.68, 'S', 'S'),
(1039, 44, '2012-11-20', 3, 22, 'Itapoa Supermercado Ltda Nfe 7512-Confrat. fim de ano das equipes		\r\n', 'dinheiro', 212.24, 'S', 'S'),
(1040, 44, '2012-11-20', 3, 22, 'Embalagens Glória Ltda EPP CF 38973-Confrat.fim de ano das equipes  		', 'dinheiro', 11.85, 'S', 'S'),
(1041, 44, '2012-11-21', 3, 5, 'B.M.  Com. de tecidos Ltda EPP CF 141269-Toalhas do altar		', 'dinheiro', 101.93, 'S', 'S'),
(1042, 44, '2012-11-21', 3, 5, 'Holambelo Vit. Flores e plantas Ltda Nfe 9350-flores		\r\n', 'dinheiro', 270, 'S', 'S'),
(1043, 44, '2012-11-25', 1, 3, 'Demonstrativo caixa n&ordm; 421 e 422-Ap.dízimos	\r\n', 'dinheiro', 1200, 'S', 'S'),
(1044, 44, '2012-11-25', 2, 3, 'Demonstrativo caixa n&ordm; 421 e 422-Ap.of. missa/celebraç&atilde;o	', 'dinheiro', 262.35, 'S', 'S'),
(1045, 44, '2012-11-26', 3, 33, 'Depósito Banestes cc 1618701		', 'cheque', 160, 'S', 'S'),
(1046, 44, '2012-11-26', 3, 22, 'Parco Papelaria Ltda Nfe 184907-Campanha adote uma criança 		', 'dinheiro', 69.06, 'S', 'S'),
(1047, 48, '2012-02-08', 27, 76, 'Recebimento do Fundo Paroquial ref. 12/11.', 'Dinheiro', 312.2, 'S', 'S'),
(1048, 48, '2012-02-08', 27, 76, 'Repasse das Comunidades ref. 12/11.', 'Dinheiro', 290.09, 'S', 'S'),
(1049, 48, '2012-02-08', 75, 76, 'Repasse da Paroquia S&#227;o Lucas.', 'Dinheiro', 729.33, 'S', 'S'),
(1050, 48, '2012-02-13', 76, 18, 'Pago consumo de água ref. 01/12.', 'Débito Automático', 73.04, 'S', 'S'),
(1051, 48, '2012-02-17', 76, 17, 'Pago encargos sociais de funcionário, conforme cheque 000135, ref 01/12.', 'Cheque', 273.87, 'S', 'S'),
(1052, 48, '2012-02-24', 27, 76, 'Repasse do Fundo Paroquial ref. 01/12.', 'Dinheiro', 359.37, 'S', 'S'),
(1053, 48, '2012-02-24', 27, 76, 'Repasse das Comunidades ref. 01/12.', 'Dinheiro', 357.73, 'S', 'S'),
(1054, 48, '2012-02-10', 76, 16, 'Pago diferença de férias de funcionário.', 'Dinheiro', 22, 'S', 'S'),
(1055, 49, '2012-03-02', 76, 19, 'Pago consumo de energia ref. 02/12.', 'Débito Automático', 374.98, 'S', 'S'),
(1056, 49, '2012-03-06', 76, 16, 'Pago salário de funcionário ref. 02/12. Conforme cheque 00137.', 'Cheque', 653.81, 'S', 'S'),
(1057, 49, '2012-03-07', 76, 77, 'Pago Viaç&#227;o Sanremo LTDA, ref. 04 cartelas de Vale-Trasporte.', 'Dinheiro', 460, 'S', 'S'),
(1058, 49, '2012-03-12', 76, 18, 'Pago consumo de água ref. 02/12.', 'Débito Automático', 102.12, 'S', 'S'),
(1059, 49, '2012-02-15', 76, 17, 'Pago encargos sociais de funcionários ref. 12/11 e Décimo-Terceiro.', 'Dinheiro', 428.77, 'S', 'S'),
(1060, 49, '2012-03-15', 76, 17, 'Pago encargos sociais de funcionário ref. 02/12, e exame médico.', 'Dinheiro', 393.02, 'S', 'S'),
(1061, 49, '2012-03-15', 76, 78, 'Pago Banestes ref. vale-alimentaç&#227;o 02/12.', 'Dinheiro', 222.2, 'S', 'S'),
(1062, 49, '2012-03-29', 27, 76, 'Repasse para o Centro de Formaç&#227;o, diversas comunidades.\r\nR$400,01\r\nR$358,18\r\nR$155,00', 'Dinheiro', 913.19, 'S', 'S'),
(1063, 49, '2012-03-29', 76, 19, 'Pago consumo de energia ref. 02/12.', 'Débito Automático', 421.5, 'S', 'S'),
(1064, 50, '2012-04-03', 76, 3, 'Recebimento do cheque 00141.', 'Cheque', 847.46, 'S', 'S'),
(1065, 50, '2012-04-03', 3, 17, 'Pago encargos sociais de funcionário ref. 03/12.', 'Dinheiro', 252.9, 'S', 'S'),
(1066, 50, '2012-04-05', 3, 16, 'Pago salário de funcionário re. 03/12.', 'Dinheiro', 645.75, 'S', 'S'),
(1067, 50, '2012-04-12', 76, 24, 'Pago S Produtos Siderúrgicos LTDA, conforme cheque 00142.', 'Cheque', 250, 'S', 'S'),
(1068, 50, '2012-04-11', 27, 76, 'Repasse da Paroquia S&#227;o Lucas.', 'Dinheiro', 656.27, 'S', 'S'),
(1069, 50, '2012-04-12', 76, 18, 'Pago consumo de água ref. 03/12.', 'Débito Automático', 110.56, 'S', 'S'),
(1070, 50, '2012-04-23', 76, 78, 'Pago Banestes ref. 03/12.', 'Dinheiro', 202.2, 'S', 'S'),
(1071, 50, '2012-04-30', 76, 19, 'Pago consumo de energia ref. 03/12.', 'Débito Automático', 483.94, 'S', 'S'),
(1072, 51, '2012-05-02', 76, 17, 'Pago encargos sociais de funcionário ref. 04/12, conforme cheque 00145.', 'Cheque', 235.27, 'S', 'S'),
(1073, 51, '2012-05-03', 27, 76, 'Repasse das Comunidades.\r\nR$366,70\r\nR$344,45\r\n', 'Dinheiro', 711.15, 'S', 'S'),
(1074, 51, '2012-05-03', 76, 16, 'Pago salário de funcionário ref. 04/12, conforme cheque 00146.', 'Cheque', 616.09, 'S', 'S'),
(1075, 51, '2012-03-07', 27, 76, 'Repasse da 2&#170; Etapa do ECC.', 'Dinheiro', 318, 'S', 'S'),
(1076, 51, '2012-05-10', 27, 76, 'Repasse da Paroquia S&atilde;o Lucas.', 'Dinheiro', 699.7, 'S', 'S'),
(1077, 51, '2012-05-10', 76, 18, 'Pago consumo de água ref. 04/12.', 'Débito Automático', 117.17, 'S', 'S'),
(1078, 51, '2012-05-30', 76, 78, 'Pago Banestes vale alimentaç&#227;o, conforme cheque 00147.', 'Cheque', 222.2, 'S', 'S'),
(1079, 51, '2012-05-31', 76, 19, 'Pago consumo de energia ref 04/12.', 'Débito Automático', 466.56, 'S', 'S'),
(1080, 52, '2012-06-04', 76, 17, 'Pago encargos sociais de funcionário ref. 05/12.', 'Dinheiro', 289.46, 'S', 'S'),
(1081, 52, '2012-06-04', 76, 28, 'Pago IPTU Anual, cheque 00165.', 'Cheque', 595, 'S', 'S'),
(1082, 52, '2012-06-06', 76, 16, 'Pago salário de funcionário ref 05/12.', 'Dinheiro', 616.09, 'S', 'S'),
(1083, 52, '2012-06-11', 76, 18, 'Pago consumo de água ref. 05/12.', 'Débito Automático', 278.91, 'S', 'S'),
(1084, 52, '2012-06-29', 76, 19, 'Pago consumo de energia ref 05/12.', 'Débito Automático', 449.06, 'S', 'S'),
(1085, 52, '2012-06-28', 27, 76, 'Repasse da Paróquia S&#227;o Lucas.', 'Dinheiro', 706.29, 'S', 'S'),
(1086, 53, '2012-07-07', 76, 78, 'Pago Banestes, conforme cheque 00166.', 'Cheque', 192.2, 'S', 'S'),
(1087, 53, '2012-07-03', 76, 16, 'Pago salário de funcionário, cheque 00167, ref. 06/12.', 'Cheque', 616.09, 'S', 'S'),
(1088, 53, '2012-07-04', 76, 17, 'Pago encargos sociais de funcionário, ref. 06/12.', 'Dinheiro', 235.27, 'S', 'S'),
(1089, 53, '2012-07-04', 76, 3, 'Transfer&#234;ncia, cheque 00168.', 'Cheque', 250.27, 'S', 'S'),
(1090, 53, '2012-07-04', 3, 21, 'Pago Comercial Braizer LTDA.', 'Dinheiro', 15, 'S', 'S'),
(1091, 53, '2012-07-04', 76, 77, 'Pago Viaç&#227;o Sanremo LTDA, ref. 02 cartelas, cheque 00169.', 'Cheque', 490, 'S', 'S'),
(1092, 53, '2012-07-09', 76, 24, 'Pago Marilene Cravo ME, cheque 00171.', 'Cheque', 2700, 'S', 'S'),
(1093, 53, '2012-07-10', 27, 76, 'Repasse da Paróquia S&#227;o Lucas.\r\nR$361,93\r\nR$417,30', 'Dinheiro', 779.23, 'S', 'S'),
(1094, 53, '2012-07-10', 76, 25, 'Pago Hidrante Comercial Tubos e Conex&#245;es LTDA ME, cheque 00170.', 'Cheque', 200, 'S', 'S'),
(1095, 53, '2012-07-10', 76, 25, 'Pago Hidrante Comercial de Tubos e Conex&#245;es LTDA ME, cheque 00172.', 'Cheque', 70, 'S', 'S'),
(1096, 53, '2012-07-11', 76, 18, 'Pago Consumo de água ref. 06/12.', 'Débito Automático', 111.81, 'S', 'S'),
(1097, 53, '2012-07-12', 27, 76, 'Repasse das Comunidades.', 'Dinheiro', 676.02, 'S', 'S'),
(1098, 53, '2012-07-30', 76, 25, 'Pago Guilly Gás LTDA, cheque 00173.', 'Cheque', 465, 'S', 'S'),
(1099, 53, '2012-07-31', 76, 19, 'Pago Consumo de Enegia ref. 06/12.', 'Débito Automático', 554.5, 'S', 'S'),
(1100, 54, '2012-08-01', 76, 78, 'Pago Banestes conf.fatura ref.agosto/12, cheque n&#186;000174', 'Cheque', 222.2, 'S', 'S'),
(1101, 54, '2012-08-02', 76, 17, 'Pago encargos sociais ref.salário de julho/12 e rendimento PIS e ou abono, conforme cheque n&#186;000176', 'cheque', 289, 'S', 'S'),
(1102, 54, '2012-08-02', 76, 16, 'Pago salário ref.julho/12 e rendimento PIS conf.cheque n&#186;000175', 'cheque', 1238.09, 'S', 'S'),
(1103, 54, '2012-08-08', 27, 76, 'Valor doaç&#227;o p/Centro de Formaç&#227;o :\r\nComunidades :       400,27\r\nParoquia S&#227;o Lucas  343,00', 'Cheque', 743.27, 'S', 'S'),
(1104, 54, '2012-08-11', 76, 18, 'Valor debito n/conta ref.consumo agua do m&#234;s de julho/12', 'Débito Automático', 355.81, 'S', 'S'),
(1105, 54, '2012-08-27', 76, 78, 'Pago ao Banestes conforme cheque n&#186; 000177 referente ticket alimentaç&#227;o ', 'Cheque', 232.2, 'S', 'S'),
(1106, 54, '2012-08-31', 76, 19, 'Valor debito n/conta referente consumo energia m&ecirc;s de julho/12 ', 'Débito Automático', 702.05, 'S', 'S'),
(1124, 54, '2012-10-31', 76, 19, 'Valor consumo energia ref. m&ecirc;s set/12 conforme extrato', 'Débito Automático', 438.44, 'S', 'S'),
(1125, 45, '2012-11-25', 1, 3, 'Apuraç&#227;o de Dízimo da missa de 25/11/2012.', 'Dinheiro', 500, 'S', 'S'),
(1126, 45, '2012-11-25', 2, 3, 'Apuraç&#227;o de ofertas da missa de 25/11/2012.', 'Dinheiro', 135.1, 'S', 'S'),
(1127, 55, '2012-09-04', 76, 18, 'Pago salários ref. agosto/12 conf.cheque n&#186; 000178', 'Cheque', 616.09, 'S', 'S'),
(1128, 55, '2012-09-10', 76, 17, 'Pago encargos sociais ref. salarios agosto/12 conf. cheque n&#186;000179', 'Cheque', 235.25, 'S', 'S'),
(1129, 55, '2012-09-11', 27, 76, 'Depósito referente Paroquia Sta. M&#227;e de Deus diversos meses, conforme extrato bancario', 'Dinheiro', 2175.06, 'S', 'S'),
(1130, 55, '2012-09-11', 76, 18, 'Valor debitado n/conta ref.agosto/12', 'Débito Automático', 244.24, 'S', 'S'),
(1131, 55, '2012-09-12', 76, 20, 'Pago Comercial América Produtos Limpeza Ltda conforme cheque n&#186; 000180', 'Cheque', 385.95, 'S', 'S'),
(1132, 55, '2012-09-27', 23, 76, 'Valor repasse do Movimento Familiar Crist&#227;o, conforme extrato', 'Dinheiro', 300, 'S', 'S'),
(1133, 55, '2012-09-27', 76, 78, 'Pago ao Banestes conforme cheque n&#186; 000181', 'Cheque', 192.2, 'S', 'S'),
(1134, 55, '2012-09-28', 76, 19, 'Valor debitado n/conta referente consumo energia m&#234;s de agosto/12', 'Débito Automático', 612.2, 'S', 'S'),
(1135, 55, '2012-09-13', 75, 76, 'Repasse da Paróquia S&#227;o Lucas.', 'Cheque', 764, 'S', 'S'),
(1136, 56, '2012-10-04', 76, 17, 'Pago encargos sociais ref. agosto/12 conforme cheque n&#186; 000183', 'Cheque', 275.2, 'S', 'S'),
(1137, 56, '2012-10-05', 76, 16, 'Pago  salários ref. set/12 conforme cheque n&#186;000182', 'Cheque', 616.09, 'S', 'S'),
(1138, 56, '2012-10-10', 75, 76, 'Valor repasse da Paroquia S&#227;o Lucas, conforme extrato bancario', 'Cheque', 724.94, 'S', 'S'),
(1139, 56, '2012-10-11', 76, 18, 'Valor debito n/conta ref. consumo agua ref. m&#234;s set/12', 'Débito Automático', 265.22, 'S', 'S'),
(1140, 56, '2012-10-15', 76, 78, 'Pago ao Banestes ref. ticket alimentaç&#227;o ref. m&#234;s out/12 conf. cheque n&#186; 000185', 'Cheque', 222.2, 'S', 'S'),
(1141, 56, '2012-10-15', 76, 77, 'Pago Viaç&#227;o San Remo Ltda ref. duas cartelas de vales para uso nov/dez/12, conforme cheque n&#186; 000184', 'Cheque', 245, 'S', 'S'),
(1142, 56, '2012-10-29', 76, 25, 'Pago Guilly Gás Ltda, ref. 03 cilidros de gás  conforme cheque n&#186;000187', 'Cheque', 495, 'S', 'S'),
(1143, 56, '2012-10-30', 27, 76, 'Valor deposito n/conta ref. Paroquia Santa M&#227;e de Deus, conforme extrato.\r\nR$721,87\r\nR$709,46 ', 'Cheque', 1431.33, 'S', 'S'),
(1144, 56, '2012-10-31', 76, 19, 'Valor consumo energia ref. m&#234;s set/12 conforme extrato', 'Débito Automático', 438.44, 'S', 'S'),
(1145, 44, '2012-11-27', 3, 21, 'Atacado S&atilde;o Paulo Nfe 266779- Porta cart&otilde;es do dízimo		', 'dinheiro', 44.4, 'S', 'S'),
(1146, 44, '2012-11-29', 3, 5, 'Progresso Com. de madeiras Ltda Nfe 2319-Confeç&atilde;o do andor de Santa Luzia		', 'dinheiro', 120, 'S', 'S'),
(1147, 44, '2012-11-29', 3, 5, 'Melissa Louvatti M. das flores -Me NF 0251-garrafinhas de água benta		', 'dinheiro', 1440, 'S', 'S'),
(1148, 44, '2012-11-29', 3, 36, 'Caminho da Lux Ltda Me Nfe 000218- Dalmática-Presente p/ Carlos José		', 'dinheiro', 188, 'S', 'S'),
(1149, 44, '2012-11-09', 33, 18, 'Pagamento Cesan ref. 10/2012', 'Débito automático', 61.99, 'S', 'S'),
(1150, 44, '2012-11-07', 3, 5, 'Eni Ferreira de Amorim Sim&otilde;es NFSe n&ordm; 255-Velas		', 'dinheiro', 68, 'S', 'S'),
(1151, 44, '2012-11-24', 3, 15, 'G E Com. de doces Ltda EPP CF 89363- Confrat. fim de ano das equipes		', 'dinheiro', 27.81, 'S', 'S'),
(1152, 44, '2012-11-29', 3, 21, 'Papelaria Monteiro NF 1815- cópia xerox		\r\n', 'dinheiro', 29.4, 'S', 'S'),
(1153, 44, '2012-11-30', 33, 19, 'Pagamento escelsa ref.11/2012', 'débito/crédito', 241.88, 'S', 'S'),
(1154, 44, '2012-11-30', 35, 34, 'Rendimento Aplicaç&atilde;o financeira Banestes  11/2012', 'débito/crédito ', 73.42, 'S', 'S'),
(1155, 57, '2012-12-04', 3, 24, 'Compra de lampadas para Iluminaç&#227;o do Templo - conf. CF  ccf: 014614  cod: 018108 ', 'Dinheiro', 20.02, 'S', 'S'),
(1156, 57, '2012-12-06', 3, 18, 'Pagamento de água a Cesan.', 'Dinheiro', 38.06, 'S', 'S'),
(1157, 57, '2012-12-07', 3, 36, 'Compra de fogos de artificio para festa de Entronizaç&#227;o da nova Imagem de N. S. da Penha \r\nConf. CF  ccf: 000502  cod: 001222', 'Dinheiro', 18, 'S', 'S'),
(1158, 57, '2012-12-07', 3, 36, 'compra de batente para base da nova Image.  conf CF  ccf: 034393  cod: 037150', 'Dinheiro', 5, 'S', 'S'),
(1159, 57, '2012-12-06', 3, 36, 'Pago ao Chaveiro José Alves oliveira \r\nCPF: 009.772.897-70 - 02 chaves tetra do port&#227;o de acesso ao templo. ', 'Dinheiro', 20, 'S', 'S'),
(1160, 57, '2012-12-05', 3, 36, 'Pagamento dos Calendários de 2013 - conf. recibo 0003810 da Paróquia S. M. de Deus.', 'Dinheiro', 180, 'S', 'S'),
(1161, 57, '2012-12-05', 3, 27, 'Repasse ao C. F. conf. recibo 0003812 da Paróquia  S. M de Deus.', 'Dinheiro', 21.31, 'S', 'S'),
(1162, 57, '2012-12-05', 3, 26, 'Repasse F.P. conf. recibo 0003811 da Paróquia S. M. de Deus.', 'Dinheiro', 2131.17, 'S', 'S'),
(1163, 57, '2012-12-02', 1, 3, 'Apuraç&#227;o de dízimo da celebraç&#227;o de 02/12/2012.', 'Dinheiro', 870, 'S', 'S'),
(1164, 57, '2012-12-02', 2, 3, 'Apuraç&#227;o de ofertas da celebraç&#227;o de 02/12/2012.', 'Dinheiro', 55.7, 'S', 'S'),
(1165, 57, '2012-12-08', 1, 3, 'Apuraç&#227;o de dízimo da missa de 08/12/2012.', 'Dinheiro', 1707, 'S', 'S'),
(1166, 57, '2012-12-08', 2, 3, 'Apuraç&#227;o de ofertas da missa de 08/12/2012.', 'Dinheiro', 154.35, 'S', 'S'),
(1167, 57, '2012-12-13', 3, 32, 'Transferencia em dinheiro do caixa para c/c 10197374 do Banestes ', 'Dinheiro', 1400, 'S', 'S'),
(1168, 57, '2012-12-16', 1, 3, 'Apuraç&#227;o do dízimo da missa de 16.12.2012', 'Dinheiro', 1390, 'S', 'S'),
(1169, 57, '2012-12-16', 2, 3, 'Apuraç&#227;o de ofertas da missa de 16.12.2012.\r\nOferta especial para Evangelizaç&#227;o', 'Dinheiro', 175.05, 'S', 'S'),
(1170, 57, '2012-12-18', 3, 19, 'Pagamento de Energia Elétrica - Escelsa', 'Dinheiro', 77.65, 'S', 'S'),
(1171, 57, '2012-12-18', 3, 11, 'Deposito de oferta especial para campanha de evangelizaç&#227;o - c/c 1.019.637', 'Dinheiro', 175.05, 'S', 'S'),
(1172, 57, '2012-12-18', 3, 32, 'Deposito - transferencia do caixa para c/c 10197374', 'Dinheiro', 1100, 'S', 'S'),
(1173, 59, '2012-11-01', 3, 24, 'Pago JRosa Prestadora ME. Nota de serviço 0201.', 'Dinheiro', 3382, 'S', 'S'),
(1174, 59, '2012-11-01', 3, 17, 'Pago encargos sociais ref. 10/12.', 'Dinheiro', 181.11, 'S', 'S'),
(1175, 59, '2012-11-01', 3, 16, 'Pago salário de funcionário ref. 10/12.', 'Dinheiro', 374.43, 'S', 'S'),
(1176, 59, '2012-11-04', 2, 3, 'Apuraç&#227;o de oferta de missa.', 'Dinheiro', 85.35, 'S', 'S'),
(1177, 59, '2012-11-04', 1, 3, 'Apuraç&#227;o de dízimo.', 'Dinheiro', 1390.3, 'S', 'S'),
(1178, 59, '2012-11-04', 1, 3, 'Apuraç&#227;o de dízimo.', 'Cheque', 695, 'S', 'S'),
(1179, 59, '2012-11-05', 3, 25, 'Pago Chaveiro Oliveira.', 'Dinheiro', 18, 'S', 'S'),
(1180, 59, '2012-11-05', 3, 4, 'Depósito c/c Banestes.', 'Cheque', 695, 'S', 'S'),
(1181, 59, '2012-11-05', 3, 4, 'Depósito c/c Banestes.', 'Dinheiro', 1250, 'S', 'S'),
(1182, 59, '2012-11-05', 3, 25, 'Pago Hidrofer Peças e Serviços ME.', 'Dinheiro', 35, 'S', 'S'),
(1183, 59, '2012-11-06', 3, 22, 'Pago Pia Soc. S&#227;o Paulo.', 'Dinheiro', 47.5, 'S', 'S'),
(1184, 59, '2012-11-09', 3, 27, 'Repasse ao Centro de Formaç&#227;o ref. 10/12.', 'Dinheiro', 22.1, 'S', 'S'),
(1185, 59, '2012-11-10', 3, 22, 'Pago Padaria MCI LTDA ME.', 'Dinheiro', 89.39, 'S', 'S'),
(1186, 59, '2012-11-11', 2, 3, 'Apuraç&#227;o de oferta de missa.', 'Dinheiro', 220.55, 'S', 'S'),
(1187, 59, '2012-11-11', 1, 3, 'Apuraç&#227;o de dízimo.', 'Dinheiro', 1714.45, 'S', 'S'),
(1188, 59, '2012-11-12', 3, 24, 'Pago JR Prestadora ME. Nota de serviço 0205.', 'Dinheiro', 249.2, 'S', 'S'),
(1189, 59, '2012-11-12', 3, 4, 'Depósito c/c Banestes.', 'Dinheiro', 1500, 'S', 'S'),
(1190, 59, '2012-11-13', 3, 36, 'Pago Guilly Gas LTDA ME. NF 001242. Referente a duas botijas de gás P-13.', 'Dinheiro', 76, 'S', 'S'),
(1191, 59, '2012-11-18', 2, 3, 'Apuraç&#227;o de oferta de missa.', 'Dinheiro', 88, 'S', 'S'),
(1192, 59, '2012-11-18', 1, 3, 'Apuraç&#227;o de dízimo.', 'Dinheiro', 345, 'S', 'S'),
(1193, 59, '2012-11-18', 1, 3, 'Apuraç&#227;o de dízimo.', 'Cheque', 250, 'S', 'S'),
(1194, 59, '2012-11-19', 3, 4, 'Depósito c/c Banestes.', 'Cheque', 250, 'S', 'S'),
(1195, 59, '2012-11-19', 3, 28, 'Pago 8&#170; parcela de impostos municipais - Taxa de Lixo.', 'Dinheiro', 24.93, 'S', 'S'),
(1196, 59, '2012-11-25', 2, 3, 'Apuraç&#227;o de oferta de missa.', 'Dinheiro', 12, 'S', 'S'),
(1197, 59, '2012-11-25', 1, 3, 'Apuraç&#227;o de dízimo.', 'Dinheiro', 715, 'S', 'S'),
(1198, 59, '2012-11-25', 1, 3, 'Apuraç&#227;o de dízimo.', 'Cheque', 100, 'S', 'S'),
(1199, 59, '2012-11-27', 3, 4, 'Depósito c/c Banetes.', 'Cheque', 100, 'S', 'S'),
(1200, 59, '2012-11-27', 3, 24, 'Pago Ulican. ', 'Dinheiro', 311.39, 'S', 'S'),
(1201, 59, '2012-11-27', 3, 36, 'Pago juros sobre pagamento em atraso referene &#224; Ulican.', 'Dinheiro', 7.8, 'S', 'S'),
(1202, 59, '2012-11-22', 3, 23, 'Pago Edemar Medina Cardoso.', 'Dinheiro', 200, 'S', 'S'),
(1203, 59, '2012-11-28', 3, 21, 'Pago Parco Papelaria LTDA.', 'Dinheiro', 15.36, 'S', 'S'),
(1204, 59, '2012-11-30', 3, 71, 'Pago AR Gonçalves EPP.', 'Dinheiro', 120, 'S', 'S'),
(1205, 59, '2012-11-30', 3, 21, 'Pago Comercial Braizer.', 'Dinheiro', 11.25, 'S', 'S'),
(1206, 59, '2012-11-30', 3, 16, 'Pago salário de funcionário ref. 11/12.', 'Dinheiro', 374.43, 'S', 'S'),
(1207, 59, '2012-11-30', 3, 16, 'Pago 1&#170; parcela do 13° salário referente a 2012.', 'Dinheiro', 203.49, 'S', 'S'),
(1208, 59, '2012-11-11', 4, 18, 'Pago consumo de água.', 'Débito Automáico', 18.43, 'S', 'S'),
(1209, 59, '2012-11-30', 4, 19, 'Pago consumo de energia elétrica ref. 10/12.', 'Dinheiro', 151.1, 'S', 'S'),
(1210, 59, '2012-11-09', 4, 26, 'Repasse ao Fundo Paroquial ref. 10/12, conforme cheque 001069.', 'Cheque', 2216.25, 'S', 'S'),
(1211, 59, '2012-11-09', 4, 24, 'Pago Parfix Parafusos ME. Cheque 001063\r\n', 'Cheque', 200.8, 'S', 'S'),
(1212, 59, '2012-11-16', 4, 24, 'Pago Hidrante C. T. E. Conex&#245;es LTDA. Cheque 001064.', 'Cheque', 100, 'S', 'S'),
(1213, 59, '2012-11-19', 4, 24, 'Pago Perfil Alumínio S.A, ref. 1&#170; parcela, cheque 001065.', 'Cheque', 299.3, 'S', 'S'),
(1214, 59, '2012-11-19', 4, 24, 'Pago Perfil Alumínio do Brasil S.A. Cheque 01066.', 'Cheque', 196.33, 'S', 'S'),
(1215, 59, '2012-11-19', 4, 24, 'Pago Ulican. Cheque 001067.', 'Cheque', 166.41, 'S', 'S'),
(1216, 59, '2012-11-19', 4, 24, 'Pago Ulican. Cheque 001068.', 'Cheque', 136, 'S', 'S'),
(1217, 60, '2012-11-04', 8, 3, 'Recebimento de oferta para construç&#227;o.', 'Dinheiro', 334.35, 'S', 'S'),
(1218, 60, '2012-11-05', 3, 7, 'Depósito c/c Banestes.', 'Dinheiro', 334.35, 'S', 'S'),
(1219, 60, '2012-11-04', 8, 3, 'Recebido referente a arrecadaç&#227;o da rifa realizada pelos jovens.', 'Dinheiro', 928, 'S', 'S'),
(1220, 60, '2012-11-05', 3, 7, 'Depósito c/c Banestes.', 'Dinheiro', 928, 'S', 'S'),
(1221, 60, '2012-11-11', 8, 3, 'Recebimento de oferta para construç&#227;o.', 'Dinheiro', 100, 'S', 'S'),
(1222, 60, '2012-11-12', 3, 7, 'Depósito c/c Banestes.', 'Dinheiro', 100, 'S', 'S'),
(1223, 60, '2012-11-18', 8, 3, 'Recebimento de oferta para construç&#227;o.', 'Dinheiro', 21, 'S', 'S'),
(1224, 60, '2012-11-19', 3, 7, 'Depósito c/c Banestes.', 'Dinheiro', 21, 'S', 'S'),
(1225, 60, '2012-11-25', 8, 3, 'Recebimento de oferta para construç&#227;o.', 'Dinheiro', 40, 'S', 'S'),
(1226, 60, '2012-11-30', 3, 7, 'Depósito c/c Banestes.', 'Dinheiro', 40, 'S', 'S'),
(1227, 57, '2012-12-21', 3, 36, 'Compra de 01 bateria de 09v p/ uso microfones sem fio. N.F: 06679', 'Dinheiro', 10.9, 'S', 'S'),
(1228, 57, '2012-12-22', 2, 3, 'Apuraç&#227;o de ofertas de Missa de 22/12/2012', 'Dinheiro', 109.15, 'S', 'S'),
(1229, 57, '2012-12-22', 1, 3, 'Apuraç&#227;o de Dízimo da missa de 22/12/2012.', 'Dinheiro', 560, 'S', 'S'),
(1230, 61, '2012-12-01', 3, 23, 'Alpha Brasil Distrib. Ltda Me CF 62106		\r\n', 'dinheiro', 108.8, 'S', 'S'),
(1231, 61, '2012-12-02', 1, 3, 'Demonstrativo caixa n&ordm; 426 e 427-Ap. dízimos	', 'Dinheiro', 2845, 'S', 'S'),
(1232, 61, '2012-12-02', 1, 3, 'Demonstrativo caixa n&ordm; 426/427-ap. dízimos', 'cheque	', 400, 'S', 'S'),
(1233, 61, '2012-12-02', 2, 3, 'Demonstrativo caixa n&ordm; 426 e 427- ap. oferta de missa/cel.	', 'dinheiro', 163.95, 'S', 'S'),
(1234, 61, '2012-12-03', 33, 3, 'Recebido cheque Banestes n&ordm; 000892	', 'cheque', 2000, 'S', 'S'),
(1235, 61, '2012-12-03', 3, 26, 'Fundo paroquial m&ecirc;s 11/2012 rec. 3809		', 'dinheiro', 4581.63, 'S', 'S'),
(1236, 61, '2012-12-03', 3, 27, 'Centro de formaç&atilde;o m&ecirc;s 11/2012 rec. 33808		', 'dinheiro', 45.81, 'S', 'S'),
(1237, 61, '2012-12-03', 3, 22, 'Flávio B. Rosário-aula de musica m&ecirc;s 12/2012 		', 'dinheiro', 404.95, 'S', 'S'),
(1238, 61, '2012-12-03', 3, 33, 'deposito cheque banestes cc 1618701		', 'cheque', 400, 'S', 'S'),
(1239, 61, '2012-12-04', 3, 25, 'Eletrolândia Com. prod. Eletr. Ltda  Nfe 4181		', 'dinheiro', 178.85, 'S', 'S'),
(1240, 61, '2012-12-07', 3, 21, 'Atacado S&atilde;o Paulo Nfe 270462-Capa plástica p/ cart&otilde;es do dízimo		', 'dinheiro', 74.5, 'S', 'S'),
(1241, 61, '2012-12-07', 3, 5, 'Pia Soc. S&atilde;o Paulo CF 24582		', 'dinheiro', 30.8, 'S', 'S'),
(1242, 61, '2012-12-08', 3, 22, 'Itapoa Supermercados Ltda Nfe 7953-contrat. fim de ano dos jovens		', 'dinheiro', 80.43, 'S', 'S'),
(1243, 61, '2012-12-09', 3, 36, 'Cred More confecç&otilde;es NF serviuço n&ordm; 0001-camisas p/ festa de Santa Luzia		\r\n', 'dinheiro', 900, 'S', 'S'),
(1244, 61, '2012-12-09', 1, 3, 'Demonstrativo caixa n&ordm; 430 e 431- Ap.dízimos 	\r\n', 'dinheiro', 2568, 'S', 'S'),
(1245, 61, '2012-12-09', 1, 3, 'Demonstrativo caixa n&ordm; 430 e 431- Ap.dízimos 	', 'cheque', 400, 'S', 'S'),
(1246, 61, '2012-12-09', 2, 3, 'Demonstrativo caixa n&ordm; 430 e 431- Ap.oferta de missa/cel.	', 'dinheiro', 148.7, 'S', 'S'),
(1247, 61, '2012-12-10', 3, 36, 'Calendário de 2013 rec. N&ordm; 3825		', 'dinheiro', 240, 'S', 'S'),
(1248, 61, '2012-12-10', 3, 17, 'Enc.sociais ref. RPA n&ordm; 2253 de Flávio rec.3826		', 'dinheiro', 141.05, 'S', 'S'),
(1249, 61, '2012-12-10', 3, 16, 'Pgto salário Francisca m&ecirc;s 11/2012 rec. 3827		', 'dinheiro', 594.55, 'S', 'S'),
(1250, 61, '2012-12-10', 3, 36, 'Walk Comércio Ltda Me CF 29666- Lembrança p/ Padres na festa Santa Luzia	', 'dinheiro', 323.94, 'S', 'S'),
(1251, 61, '2012-12-11', 3, 5, 'Sandra Luiza da Silva NF avulsa serviço n&ordm; 1541Veste de coroínhas		\r\n', 'dinheiro', 157.5, 'S', 'S'),
(1252, 61, '2012-12-12', 3, 36, 'Walk Comércio Ltda Me CF 29827-Lembrança p/ diáconos na festa Santa Luzia		', 'dinheiro', 231.95, 'S', 'S'),
(1253, 61, '2012-12-12', 3, 22, 'Embali-Antonio A. Milanez Me NF 384-confrat. fim de ano p/ pessoas carentes	\r\n', 'dinheiro', 17, 'S', 'S'),
(1254, 61, '2012-12-13', 2, 3, 'Demonstrativo caixa n&ordm; 433-Ap. Oferta missa/celebr.	\r\n', 'dinheiro', 391.3, 'S', 'S'),
(1255, 61, '2012-12-13', 8, 3, 'Demonstrativo caixa n&ordm; 433-Ap.Oferta p/ construç&atilde;o	', 'dinheiro', 922.65, 'S', 'S'),
(1256, 61, '2012-12-14', 3, 22, 'Padaria Conf. E Lanc. Duarte Ltda Me NF 125-confrat. fim de ano p/ pessoas carentes		', 'dinheiro', 175, 'S', 'S'),
(1257, 61, '2012-12-15', 3, 23, 'Porto Novo Supermercados Nfe 2172-Cestas básicasp/ pessoas carentes		', 'dinheiro', 1134.58, 'S', 'S'),
(1258, 61, '2012-12-15', 3, 22, 'Porto Novo Supermercados Nfe 2173-Confrat. fim de ano pessoas carentes		', 'dinheiro', 124.32, 'S', 'S'),
(1259, 61, '2012-12-15', 3, 22, 'Itapoa Supermercados Ltda Nfe 8132-Confrat. fim de ano dos jovens		', 'dinheiro', 72.3, 'S', 'S'),
(1260, 61, '2012-12-15', 3, 22, 'Itapoa Supermercados Ltda Nfe 8128-Confrat. fim de ano dos jovens		', 'dinheiro', 14.25, 'S', 'S'),
(1261, 61, '2012-12-16', 1, 3, 'Demonstrativo caixa n&ordm; 435 e 436- Ap.dízimos	', 'dinheiro', 2545, 'S', 'S'),
(1262, 61, '2012-12-16', 11, 3, 'Demonstrativo caixa n&ordm; 435 e 436-Ap.Oferta esp.evangelizaç&atilde;o.	', 'dinheiro', 365.4, 'S', 'S'),
(1263, 61, '2012-12-17', 3, 33, 'Depósito Banestes  cc 1618701		', 'cheque', 300, 'S', 'S'),
(1264, 61, '2012-12-17', 3, 33, 'Depósito Banestes  cc 1618701		', 'dinheiro', 3000, 'S', 'S'),
(1265, 61, '2012-12-17', 3, 11, 'Oferta esp. para evangelizaç&atilde;o rec. N&ordm; 3831		', 'dinheiro', 365.4, 'S', 'S'),
(1266, 61, '2012-12-17', 3, 36, 'Massas Tradiç&atilde;o Ltda Me NFe 5699- Confrat. fim de ano dos jovens		', 'dinheiro', 75, 'S', 'S'),
(1267, 61, '2012-12-20', 3, 21, 'Pap. Monteiro Com. Braizer Ltda Me NF 1832-xerox e Cart&otilde;es de controle mensal de dízimo		', 'dinheiro', 70.45, 'S', 'S'),
(1268, 61, '2012-12-21', 3, 24, 'Maycon N. Salvador Me Nfe 885		', 'dinheiro', 53.73, 'S', 'S'),
(1269, 61, '2012-12-21', 3, 22, 'Parco Papelaria Ltda Nfe 192323-TNT p/ confrat. fim de ano pessoas carentes		', 'dinheiro', 37.51, 'S', 'S'),
(1270, 61, '2012-12-21', 3, 33, 'Depósito cheque Banestes cc 1618701		', 'cheque', 100, 'S', 'S'),
(1271, 61, '2012-12-23', 1, 3, 'Demonstrativo caixa n&ordm; 438 e 439-Ap. dízimos 	', 'dinheiro', 2040, 'S', 'S'),
(1272, 61, '2012-12-23', 1, 3, 'Demonstrativo caixa n&ordm; 438 e 439-Ap. dízimos	\r\n', 'cheque', 800, 'S', 'S'),
(1273, 61, '2012-12-23', 2, 3, 'Demonstrativo caixa n&ordm; 438 e 439-Ap. oferta missa/celeb.	', 'dinheiro', 195, 'S', 'S'),
(1274, 61, '2012-12-23', 8, 3, 'Demonstrativo caixa n&ordm; 438 e 439- Ap. oferta p/ construç&atilde;o	\r\n', 'dinheiro', 600, 'S', 'S'),
(1275, 61, '2012-12-26', 3, 36, 'Massas Tradiç&atilde;o Ltda Me NFe 5756-Confrat. fim de ano dos jovens		', 'dinheiro', 25, 'S', 'S'),
(1276, 61, '2012-12-27', 3, 23, 'Ajuda a Com. N. S. das Graças rec. 3843		', 'dinheiro', 1500, 'S', 'S'),
(1277, 61, '2012-12-27', 3, 33, 'Depósito cheque Banestes CC 1618701		', 'cheque', 800, 'S', 'S'),
(1278, 61, '2012-12-28', 3, 5, 'Holambelo Vit. Flores e plantas Ltda Nfe 9742-flores p/ ornam. do altar e andor de Santa Luzia		', 'dinheiro', 690, 'S', 'S'),
(1279, 61, '2012-12-28', 3, 36, 'Fogos Imbrasil Comercial Ltda Nfe 121-Recepç&atilde;o &agrave; Sta M&atilde;e de Deus		\r\n', 'dinheiro', 71.6, 'S', 'S'),
(1280, 61, '2012-12-28', 3, 5, 'Pia Soc. S&atilde;o Paulo CF 25632- Partículas		\r\n', 'dinheiro', 8.6, 'S', 'S'),
(1281, 61, '2012-12-30', 1, 3, 'Demonstrativo caixa n&ordm; 441 e 442-Ap. dízimos 	', 'dinheiro', 425, 'S', 'S'),
(1282, 61, '2012-12-30', 2, 3, 'Demonstrativo caixa n&ordm; 441 e 442-Ap.oferta missa/celeb.	', 'dinheiro', 446.3, 'S', 'S'),
(1283, 61, '2012-12-30', 8, 3, 'Demonstrativo caixa n&ordm; 441 e 442- Ap.oferta p/construç&atilde;o	', 'dinheiro', 150, 'S', 'S'),
(1284, 61, '2012-12-31', 1, 3, 'Demonstrativo caixa n&ordm;444-Ap.dízimos	', 'dinheiro', 160, 'S', 'S'),
(1285, 61, '2012-12-31', 2, 3, 'Demonstrativo caixa n&ordm; - 444-Ap.of. missa/celeb.	', 'dinheiro', 108.2, 'S', 'S'),
(1286, 61, '2012-12-10', 33, 18, 'Pagamento Cesan ref.11/2012', 'Débito automático', 61.99, 'S', 'S'),
(1288, 61, '2012-12-31', 35, 34, 'Rendimento aplic.financeira Banestes 12/2012', 'Débito/crédito', 74.07, 'S', 'S'),
(1289, 57, '2012-12-27', 3, 24, 'Compra de material para reforma do templo.', 'Dinheiro', 418.78, 'S', 'S'),
(1290, 57, '2012-12-28', 3, 24, 'Compra de material para reforma do templo.', 'Dinheiro', 24.5, 'S', 'S'),
(1291, 57, '2012-12-30', 1, 3, 'Apuraç&#227;o de dízimo da missa de 30/12/2012.', 'Dinheiro', 510, 'S', 'S'),
(1292, 57, '2012-12-30', 2, 3, 'Apuraç&#227;o de ofertas da missa de 30/12/2012.', 'Dinheiro', 158.55, 'S', 'S'),
(1293, 65, '2012-12-02', 2, 3, 'Apuraç&#227;o de Oferta de Missa.', 'Dinheiro', 203, 'S', 'S'),
(1294, 65, '2012-12-02', 1, 3, 'Apuraç&#227;o de Dízimo.', 'Dinheiro', 990, 'S', 'S'),
(1295, 65, '2012-12-02', 1, 3, 'Apuraç&#227;o de Dízimo.', 'Cheque', 450, 'S', 'S'),
(1296, 65, '2012-12-03', 3, 4, 'Depósito c/c Banestes.', 'Dinheiro', 800, 'S', 'S'),
(1297, 65, '2012-12-03', 3, 4, 'Depósito c/c Banestes.', 'Cheque', 450, 'S', 'S'),
(1298, 65, '2012-12-07', 3, 24, 'Pago Difemaq Ferramentas e Máquinas LTDA, NF 006576.', 'Dinheiro', 40, 'S', 'S'),
(1299, 65, '2012-12-07', 3, 27, 'Repasse para o Centro de Formaç&#227;o ref. 11/12.', 'Dinheiro', 29.12, 'S', 'S'),
(1300, 65, '2012-12-07', 3, 17, 'Pago encargos sociais ref. 11/12.', 'Dinheiro', 181.11, 'S', 'S'),
(1301, 65, '2012-12-09', 2, 3, 'Apuraç&#227;o de Oferta de Missa.', 'Dinheiro', 243.9, 'S', 'S'),
(1302, 65, '2012-12-09', 1, 3, 'Apuraç&#227;o de Dízimo.', 'Dinheiro', 2019, 'S', 'S'),
(1303, 65, '2012-12-09', 1, 3, 'Apuraç&#227;o de Dízimo.', 'Cheque', 140, 'S', 'S'),
(1304, 65, '2012-12-10', 3, 4, 'Depósito c/c Banestes.', 'Dinheiro', 2220, 'S', 'S'),
(1305, 65, '2012-12-10', 3, 4, 'Depósito c/c Banestes.', 'Cheque', 140, 'S', 'S'),
(1306, 65, '2012-12-16', 11, 3, 'Apuraç&#227;o de Oferta Específica.', 'Dinheiro', 139.75, 'S', 'S'),
(1307, 65, '2012-12-16', 1, 3, 'Apuraç&#227;o de Dízimo.', 'Dinheiro', 820, 'S', 'S'),
(1308, 65, '2012-12-16', 1, 3, 'Apuraç&#227;o de Dízimo.', 'Cheque', 240, 'S', 'S'),
(1309, 65, '2012-12-17', 3, 4, 'Depósito c/c Banestes.', 'Cheque', 240, 'S', 'S'),
(1310, 65, '2012-12-17', 3, 11, 'Repasse de Oferta Específica.', 'Dinheiro', 139.75, 'S', 'S'),
(1311, 65, '2012-12-17', 3, 17, 'Pago 13° salário de funcionário.', 'Dinheiro', 170.94, 'S', 'S'),
(1312, 65, '2012-12-21', 3, 22, 'Pago Fogos Ind. Brasil Comercial LTDA ME.', 'Dinheiro', 36, 'S', 'S'),
(1313, 65, '2012-12-23', 2, 3, 'Apuraç&#227;o de Oferta de Missa.', 'Dinheiro', 179.4, 'S', 'S'),
(1314, 65, '2012-12-23', 1, 3, 'Apuraç&#227;o de Dízimo.', 'Dinheiro', 345, 'S', 'S'),
(1315, 65, '2012-12-23', 1, 3, 'Apuraç&#227;o de Dízimo.', 'Cheque', 350, 'S', 'S'),
(1316, 65, '2012-12-24', 3, 22, 'Pago Floricultura Tr&#234;s Irm&#227;os LTDA. NF 08726.', 'Dinheiro', 130, 'S', 'S'),
(1317, 65, '2012-12-24', 2, 3, 'Apuraç&#227;o de Oferta de Missa.', 'Dinheiro', 86, 'S', 'S'),
(1318, 65, '2012-12-24', 1, 3, 'Apuraç&#227;o de Dízimo.', 'Dinheiro', 370, 'S', 'S'),
(1319, 65, '2012-12-24', 1, 3, 'Apuraç&#227;o de Dízimo.', 'Cheque', 200, 'S', 'S'),
(1320, 65, '2012-12-27', 3, 22, 'Repasse das folinhas de 2013.', 'Dinheiro', 240, 'S', 'S'),
(1321, 65, '2012-12-27', 3, 22, 'Pago 1/5 parcela das vestes dos coroinhas,', 'Dinheiro', 451, 'S', 'S'),
(1322, 65, '2012-12-27', 3, 4, 'Depósito c/c Banestes.', 'Cheque', 550, 'S', 'S'),
(1323, 65, '2012-12-27', 3, 22, 'Pago Enir Ferreira Amorim Sim&#245;es. NF 00291.', 'Dinheiro', 30, 'S', 'S'),
(1324, 65, '2012-12-28', 3, 16, 'Pago salário de funcionário ref. 12/12.', 'Dinheiro', 374.43, 'S', 'S'),
(1325, 65, '2012-12-04', 4, 25, 'Pago Sandro Tecnosom Sonorizaç&#227;o Ambiente. Cheque 001075.', 'Cheque', 750, 'S', 'S'),
(1326, 65, '2012-12-07', 4, 25, 'Pago Estruturaco Ind. Com. LTDA. Cheque 001071.', 'Cheque', 588, 'S', 'S'),
(1327, 65, '2012-12-07', 4, 24, 'Pago Tela Uni&#227;o Comércio e Serviço LTDA ME. NF 005171. Cheque 001072.', 'Cheque', 1400.07, 'S', 'S'),
(1328, 65, '2012-12-07', 4, 24, 'Pago Perfil Alumínio do Brasil S.A. Cheque 001074.', 'Cheque', 299.3, 'S', 'S'),
(1329, 65, '2012-12-11', 4, 18, 'Pago consumo de água.', 'Débito Automáico', 21.12, 'S', 'S'),
(1330, 65, '2012-12-12', 4, 17, 'Pago INSS conforme notas de serviços. Conforme cheque 001076\r\n\r\nJRosa - R$418,00\r\nJRosa - R$31,80\r\nEstruturaço - R$77,00', 'Cheque', 525.8, 'S', 'S'),
(1332, 65, '2012-12-07', 4, 26, 'Repasse para o Fundo Paroquial ref. 11/12, conforme cheque 001073.', 'Cheque', 2912.95, 'S', 'S'),
(1333, 66, '2012-12-09', 8, 3, 'Recebimento de oferta para construç&#227;o.', 'Dinheiro', 100, 'S', 'S'),
(1334, 66, '2012-12-10', 3, 7, 'Depósito c/c Banestes.', 'Dinheiro', 100, 'S', 'S'),
(1335, 67, '2012-11-01', 76, 3, 'Reforço de Caixa. Cheque 000186.', 'Cheque', 50, 'S', 'S'),
(1336, 67, '2012-11-06', 3, 71, 'Pago Shopping dos Cartuchos LTDA ME. NF 01913.', 'Dinheiro', 15, 'S', 'S'),
(1337, 67, '2012-11-06', 3, 21, 'Pago Comercial Braizer LTDA ME.', 'Dinheiro', 14.7, 'S', 'S'),
(1338, 67, '2012-11-17', 3, 21, 'Pago Marquesinha Papelaria e Armarinho LTDA, conforme cumpom fiscal.', 'Dinheiro', 12, 'S', 'S'),
(1339, 67, '2012-11-27', 3, 21, 'Paga HR Comércio de Papelaraia e Presentes LTDA, conforme cupom fiscal.', 'Dinheiro', 4.5, 'S', 'S'),
(1340, 67, '2012-11-30', 3, 21, 'Pago Comercial Braizer LTDA ME, conforme cupom fiscal.', 'Dinheiro', 3.8, 'S', 'S'),
(1341, 67, '2012-11-01', 76, 17, 'Pago encargos sociais de funcionário ref. 10/12. Cheque 000189.', 'Cheque', 287.37, 'S', 'S'),
(1342, 67, '2012-11-07', 76, 16, 'Pago salário de funcionário ref. 10/12. Cheque 000188.', 'Cheque', 616.09, 'S', 'S'),
(1343, 67, '2012-11-12', 76, 18, 'Pago consumo de água.', 'Débito Automáico', 318.16, 'S', 'S'),
(1344, 67, '2012-11-14', 75, 76, 'Repasse de doaç&#245;es para o Centro de Formaç&#227;o - Paróquia S&#227;o Lucas.', 'Débito Automáico', 862.34, 'S', 'S'),
(1345, 67, '2012-11-26', 75, 76, 'Repasse de doaç&#245;es da Paroquia Santa M&#227;e de Deus.\r\n\r\nDepósito  - R$454,96\r\nDepósio - R$ 451,00', 'Débito Automáico', 905.96, 'S', 'S'),
(1346, 67, '2012-11-27', 76, 78, 'Pago Banestes Ticket Alimentaç&#227;o ref. 11/12. Cheque 000190.', 'Cheque', 192.2, 'S', 'S'),
(1347, 67, '2012-11-30', 76, 19, 'Pago consumo de energia.', 'Débito Automáico', 703.18, 'S', 'S'),
(1348, 68, '2012-12-03', 76, 16, 'Pago salario de funcionário ref. 11/12 e 1&#170; parcela do 13° salário. Cheque 000191.', 'Cheque', 938.97, 'S', 'S'),
(1349, 68, '2012-12-07', 76, 17, 'Pago encargos sociais de funcionário ref. 11/12. Cheque 000192.', 'Cheque', 287.37, 'S', 'S'),
(1350, 68, '2012-12-11', 76, 18, 'Pago consumo de água.', 'Débito Automáico', 95.14, 'S', 'S'),
(1351, 68, '2012-12-19', 76, 17, 'Pago 2&#170; parcela do 13° salário. Cheque 00193.', 'Cheque', 271.21, 'S', 'S'),
(1352, 68, '2012-11-27', 76, 78, 'Pago Banestes Ticke Alimentaç&#227;o. Cheque 000194.', 'Cheque', 192.2, 'S', 'S'),
(1353, 68, '2012-11-28', 76, 16, 'Pago salário de funcionário ref. 12/12. Cheque 000195.', 'Cheque', 616.09, 'S', 'S'),
(1354, 69, '2013-01-06', 1, 3, 'Apuraç&#227;o do Dízimo da Celebraç&#227;o.', 'Dinheiro', 1462, 'S', 'S'),
(1355, 69, '2013-01-06', 2, 3, 'Apuraç&#227;o de Ofertas da celebraç&#227;o.', 'Dinheiro', 109.75, 'S', 'S'),
(1356, 69, '2013-01-13', 1, 3, 'Apuraç&#227;o de Dizimo da missa de 13/01/13', 'Dinheiro', 1680, 'S', 'S'),
(1357, 69, '2013-01-13', 2, 3, 'Apuraç&#227;o de ofertas da missa de 13/01/13', 'Dinheiro', 97, 'S', 'S'),
(1358, 69, '2013-01-02', 3, 21, 'Material para pastoral do dizimo e Catequese.      \r\nN.F:  n&#186; 193959 Papelaria Caçula', 'Dinheiro', 19.89, 'S', 'S'),
(1359, 69, '2013-01-03', 3, 18, 'Pagamento &#224; CESAN ', 'Dinheiro', 34.6, 'S', 'S'),
(1361, 69, '2013-01-08', 3, 32, 'Transferencia do caixa para depósito c/c 10197374', 'Dinheiro', 300, 'S', 'S'),
(1362, 69, '2013-01-07', 3, 36, 'Compra de material para reforma do templo CCF: 009820  COO: 011761.', 'Dinheiro', 102.5, 'S', 'S'),
(1363, 69, '2013-01-14', 3, 20, 'Compra de material para limpeza do templo CCF: 153919  COO: 238165', 'Dinheiro', 42.31, 'S', 'S'),
(1364, 69, '2013-01-08', 3, 26, 'Repasse ao fundo paroquial conforme recibo da Paróquia n&#186; 0003868', 'Dinheiro', 2757.37, 'S', 'S'),
(1365, 69, '2013-01-08', 3, 27, 'Repasse ao centro de Formaç&#227;o conforme recibo da Paróquia n&#186; 0003867', 'Dinheiro', 27.57, 'S', 'S'),
(1366, 69, '2013-01-15', 3, 19, 'Pagamento de energia elétrica EDP - Escelsa', 'Dinheiro', 100.5, 'S', 'S'),
(1367, 69, '2013-01-15', 3, 36, 'Compra de material de construç&#227;o para reforma do templo. Conf. CCF: 015930    COO: 019965', 'Dinheiro', 970.3, 'S', 'S'),
(1368, 69, '2013-01-20', 1, 3, 'Apuraç&#227;o de dizimo da celebraç&#227;o de 20/01/2013.', 'Dinheiro', 380, 'S', 'S'),
(1369, 69, '2013-01-20', 2, 3, 'Apuraç&#227;o de ofertas da celebraç&#227;o de 20/01/2013', 'Dinheiro', 70.9, 'S', 'S'),
(1370, 69, '2013-01-21', 3, 36, 'Compra de material de construç&#227;o para reforma do templo. conf. CCF: 018631   COO: 038410 ', 'Dinheiro', 31.98, 'S', 'S'),
(1371, 69, '2013-01-18', 3, 36, 'Compra de material de construç&#227;o, para reforma do templo. Conf. DANFE n&#186; 000.013.290.', 'Dinheiro', 205.72, 'S', 'S'),
(1372, 70, '2013-01-04', 33, 3, 'Recebido cheque Banestes cc 1618701	', 'cheque', 5000, 'S', 'S'),
(1373, 70, '2013-01-04', 3, 26, 'Fundo Paroquial m&ecirc;s 12/2012 rec. 3857		\r\n', 'dinheiro', 6818.23, 'S', 'S'),
(1374, 70, '2013-01-04', 3, 27, 'Centro de formaç&atilde;o m&ecirc;s 12/2012 rec.3856		', 'dinheiro', 68.18, 'S', 'S'),
(1375, 70, '2013-01-04', 3, 16, 'Pgto salário de Francisca Antunes rec.3855		\r\n', 'dinheiro', 594.54, 'S', 'S'),
(1376, 70, '2013-01-04', 3, 23, 'Alpha Brasil Distrib. Ltda Me CF 064105		\r\n', 'dinheiro', 125.7, 'S', 'S'),
(1377, 70, '2013-01-04', 3, 5, 'Pia Sociedade filhas de S. Paulo Nfe 2582-Mat. Camp.da Fraternidade 		', 'dinheiro', 22, 'S', 'S'),
(1378, 70, '2013-01-06', 1, 3, 'Demonstrativo caixa n&ordm; 446 e 447-dízimos	', 'dinheiro', 2090.7, 'S', 'S'),
(1379, 70, '2013-01-06', 2, 3, 'Demonstrativo caixa n&ordm; 446 e 447-of. Missa/Celebraç&atilde;o	\r\n', 'dinheiro', 216.15, 'S', 'S'),
(1380, 70, '2013-01-09', 3, 36, 'Servipeças Com. E Serv. Ltda Nfe 16156-Ap. ar condicionado		\r\n', 'dinheiro', 1178, 'S', 'S'),
(1381, 70, '2013-01-13', 1, 3, 'Demonstrativo caixa n&ordm; 449 e 450-Ap.dízimos	', 'dinheiro', 2760, 'S', 'S'),
(1382, 70, '2013-01-13', 2, 3, 'Demonstrativo caixa n&ordm; 449 e 450- Ap. of. Missa/Celebraç&atilde;o	\r\n', 'dinheiro', 233.9, 'S', 'S'),
(1383, 70, '2013-01-15', 3, 22, 'Atacado S&atilde;o Paulo Nfe 279997-Mat. p/ catequese		', 'dinheiro', 101.45, 'S', 'S'),
(1384, 70, '2013-01-16', 3, 20, 'Itapoa Supermercados Ltda Nfe 8885-Mat. de limpeza		', 'dinheiro', 47.09, 'S', 'S'),
(1385, 70, '2013-01-18', 3, 23, 'Porto Novo Supermercados Nfe 2292-cestas básicas		', 'dinheiro', 933.4, 'S', 'S'),
(1386, 70, '2013-01-19', 3, 36, 'Vidraçaria Biazutti Ltda Nfe 700-Vidros p/ colocaç&atilde;o da Santa Luzia		', 'dinheiro', 400, 'S', 'S'),
(1387, 70, '2013-01-20', 1, 3, 'Demonstrativo caixa n&ordm; 452 e 453- Ap. Dízimos		\r\n', 'dinheiro', 1325, 'S', 'S'),
(1388, 70, '2013-01-20', 2, 3, 'Demonstrativo caixa n&ordm; 452 e 453-Ap.Of.Missa/Celebraç&atilde;o	\r\n', 'dinheiro', 181, 'S', 'S'),
(1389, 70, '2013-01-20', 8, 3, 'Demonstrativo caixa n&ordm; 452 e 453-Ap.of p/Constuç&atilde;o	', 'dinheiro', 120, 'S', 'S'),
(1390, 70, '2013-01-22', 3, 5, 'Pia Sociedade filhas de S.Paulo NF 2633-Mat. Camp. da Fraternidade		', 'dinheiro', 50.62, 'S', 'S'),
(1391, 70, '2013-01-22', 3, 21, 'D. Henning Sup. Inform. Me NF 1151-Toner p/impressora 		', 'dinheiro', 70, 'S', 'S'),
(1392, 70, '2013-01-23', 3, 5, 'Holambelo Vit. F. e plantas Ltda Nfe 9971-\r\nflores p/ ornam. do altar ', 'dinheiro', 240, 'S', 'S'),
(1393, 70, '2013-01-24', 3, 22, 'Flávio B. do Rosário NFAs n&ordm; 55141-Aula de música		\r\n', 'dinheiro', 350, 'S', 'S'),
(1394, 70, '2013-01-24', 3, 22, 'ISS sobre NFAs n&ordm;55141-Flávio B.Rosário		\r\n', 'dinheiro', 17.5, 'S', 'S'),
(1395, 70, '2013-01-27', 1, 3, 'Demonstrativo caixa n&ordm; 455 e 456-Ap.Dízimos	', 'dinheiro', 895, 'S', 'S'),
(1396, 70, '2013-01-27', 1, 3, 'Demonstrativo caixa n&ordm; 455 e 456-Ap.Dízimos-cheque	', 'cheque', 400, 'S', 'S'),
(1397, 70, '2013-01-27', 2, 3, 'Demonstrativo caixa n&ordm; 455 e 456-Ap.Of.Missa/Celebraç&atilde;o	', 'dinheiro', 194.1, 'S', 'S'),
(1398, 70, '2013-01-28', 3, 24, 'Maycon N. Salvador Me Nfe 1060-mat.p/Inst. ar condicionado		\r\n', 'dinheiro', 39.1, 'S', 'S'),
(1399, 70, '2013-01-28', 3, 24, 'Cutini Mat. Elétrico Ltda Epp Nfe 2721-Lâmpadas		', 'dinheiro', 37.25, 'S', 'S'),
(1400, 70, '2013-01-28', 3, 21, 'Comercial Braizer Ltda NF 1847-Xerox e calculadora		\r\n', 'dinheiro', 26.6, 'S', 'S'),
(1402, 69, '2013-01-27', 1, 3, 'Apuraç&atilde;o de Dízimo da celebraç&atilde;o de 27/01/2013.', 'Dinheiro', 332, 'S', 'S'),
(1403, 69, '2013-01-27', 2, 3, 'Apuraç&atilde;o de ofertas da celebraç&atilde;o de 27/01/2013', 'Dinheiro', 82.2, 'S', 'S'),
(1404, 69, '2013-01-24', 3, 5, 'Compra de 01 Cd da C.f. 2013  conf. CCF 000909 e COO 001844', 'Dinheiro', 24, 'S', 'S'),
(1405, 69, '2013-01-30', 3, 36, 'Compra de material de construç&atilde;o conf. CCF 016025 e COO 020119', 'Dinheiro', 598.4, 'S', 'S'),
(1406, 70, '2013-01-31', 33, 19, 'Pagamento escelsa ref.01/2013', 'débito/crédito', 394.17, 'S', 'S'),
(1407, 70, '2013-01-02', 33, 19, 'Pagamento escelsa ref.12/2012', 'débito/crédito', 411.02, 'S', 'S'),
(1408, 70, '2013-01-31', 3, 33, 'depósito cheque banestes CC 1618701', 'cheque', 400, 'S', 'S'),
(1409, 70, '2013-01-09', 33, 18, 'Pagamento Cesan ref.12/2012', 'débito/crédito', 55.97, 'S', 'S'),
(1411, 70, '2013-01-31', 35, 34, 'Rendimento aplic.financeira Banestes 01/2013', 'débito/crédito', 81.58, 'S', 'S'),
(1412, 72, '2013-01-03', 3, 27, 'Repasse Centro de Formaç&#227;o ref. 12/12.', 'Dinheiro', 32.13, 'S', 'S'),
(1413, 72, '2013-01-03', 3, 17, 'Pago encargos sociais de funcionários ref. 12/12.', 'Dinheiro', 181.11, 'S', 'S'),
(1414, 72, '2013-01-03', 3, 22, 'Pago Parco Papelaria LTDA, NF 194326.', 'Dinheiro', 26.33, 'S', 'S'),
(1415, 72, '2013-01-03', 3, 22, 'Pago Comercial Braizer LTDA, NF 1838.', 'Dinheiro', 120.15, 'S', 'S'),
(1416, 72, '2013-01-05', 3, 25, 'Pago Chaveiro Oliveira, conforme recibo.', 'Dinheiro', 4, 'S', 'S'),
(1417, 72, '2013-01-06', 2, 3, 'Apuraç&#227;o de oferta de missa.', 'Dinheiro', 72.25, 'S', 'S'),
(1418, 72, '2013-01-06', 1, 3, 'Apuraç&#227;o de dízimos.', 'Dinheiro', 1741, 'S', 'S'),
(1419, 72, '2013-01-06', 1, 3, 'Apuraç&#227;o de dízimos.', 'Cheque', 1200, 'S', 'S'),
(1420, 72, '2013-01-07', 3, 4, 'Depósito c\\c Banestes.', 'Cheque', 1200, 'S', 'S'),
(1421, 72, '2013-01-07', 3, 4, 'Depósito c/c Banestes.', 'Dinheiro', 1500, 'S', 'S'),
(1422, 72, '2013-01-07', 3, 20, 'Pago Comercial América, NF 000.004.697 e NF 000.004.498.\r\n', 'Dinheiro', 294.08, 'S', 'S'),
(1423, 72, '2013-01-07', 3, 36, 'Pago Juros sobre fatura da Comercial América.', 'Dinheiro', 1.7, 'S', 'S'),
(1424, 72, '2013-01-13', 2, 3, 'Apuraç&#227;o de Oferta de Missa.', 'Dinheiro', 115.5, 'S', 'S'),
(1425, 72, '2013-01-13', 1, 3, 'Apuraç&#227;o de dízimos.', 'Dinheiro', 1210, 'S', 'S'),
(1426, 72, '2013-01-13', 1, 3, 'Apuraç&#227;o de dízimos.', 'Cheque', 240, 'S', 'S'),
(1427, 72, '2013-01-14', 3, 4, 'Depósito c/c Banestes.', 'Dinheiro', 1210, 'S', 'S'),
(1428, 72, '2013-01-14', 3, 4, 'Depósito c/c Banestes.', 'Cheque', 240, 'S', 'S'),
(1429, 72, '2013-01-14', 3, 22, 'Pago Pio Soc. S&#227;o Paulo, cupom fiscal.', 'Dinheiro', 13.6, 'S', 'S'),
(1430, 72, '2013-01-20', 2, 3, 'Apuraç&#227;o de oferta de missa.', 'Dinheiro', 96, 'S', 'S');
INSERT INTO `unts_item_mov` (`item_id`, `movim_id`, `item_data`, `conta_id_e`, `conta_id_s`, `item_historico`, `item_documento`, `item_valor`, `item_efetivado`, `item_ativo`) VALUES
(1431, 72, '2013-01-20', 1, 3, 'Apuraç&#227;o de dízimos.', 'Dinheiro', 650, 'S', 'S'),
(1432, 72, '2013-01-20', 1, 3, 'Apuraç&#227;o de dízimos.', 'Cheque', 210, 'S', 'S'),
(1433, 72, '2013-01-23', 3, 4, 'Depósito c/c Banestes.', 'Dinheiro', 705, 'S', 'S'),
(1434, 72, '2013-01-23', 3, 4, 'Depósito c/c Banetes.', 'Cheque', 210, 'S', 'S'),
(1435, 72, '2013-01-27', 2, 3, 'Apuraç&#227;o de oferta de missa.', 'Dinheiro', 68.75, 'S', 'S'),
(1436, 72, '2013-01-27', 1, 3, 'Apuraç&#227;o de dízimos.', 'Dinheiro', 295, 'S', 'S'),
(1437, 72, '2013-01-27', 1, 3, 'Apuraç&#227;o de dízimos.', 'Cheque', 250, 'S', 'S'),
(1438, 72, '2013-01-28', 3, 4, 'Depósito c/c Banestes.', 'Cheque', 250, 'S', 'S'),
(1439, 72, '2013-01-30', 3, 24, 'Pago Madeira Rodovia LTDA ME, cupom fiscal.', 'Dinheiro', 820, 'S', 'S'),
(1440, 72, '2013-01-18', 4, 3, 'Reforço de caixa, cheque 001085.', 'Cheque', 360, 'S', 'S'),
(1441, 72, '2013-01-02', 4, 19, 'Pago consumo de energia ref. 12/12.', 'Débito Automáico', 141.91, 'S', 'S'),
(1442, 72, '2013-01-03', 4, 25, 'Pago Eletrolândia Comércio de Produtos Eletrônicos LTDA, NF 00004004189. Cheque 001077.', 'Cheque', 430, 'S', 'S'),
(1443, 72, '2013-01-03', 4, 25, 'Pago Parfix Parafusos LTDA ME, NF 4311. Cheque 001079.', 'Cheque', 94.55, 'S', 'S'),
(1444, 72, '2013-01-03', 4, 24, 'Pago Perfil Alumínio do Brasil, NF 155121. Cheque 001080.', 'Cheque', 189.04, 'S', 'S'),
(1445, 72, '2013-01-03', 4, 24, 'Pago Perfil Alumínio do Brasil SA, NF 146017, referente a 3&#170; parcela. Cheque 1081.', 'Cheque', 299.31, 'S', 'S'),
(1446, 72, '2013-01-03', 4, 24, 'Pago Eletroraio Material Elétrico LTDA, NF 009207, referente a 1&#170; parcela. Cheque 001082.', 'Cheque', 264.64, 'S', 'S'),
(1447, 72, '2013-01-03', 4, 26, 'Repasse da 2&#170; parcela das vestes dos Coroinhas. Cheque 001083.', 'Cheque', 451, 'S', 'S'),
(1448, 72, '2013-01-03', 4, 26, 'Repasse do Fundo Paroquial ref. 12/12. Cheque 001084.', 'Cheque', 3213.02, 'S', 'S'),
(1449, 72, '2013-01-11', 4, 18, 'Pago Consumo de água.', 'Débito Automáico', 19.2, 'S', 'S'),
(1451, 72, '2013-01-31', 4, 19, 'Pago consumo de energia elétrica.', 'Débito Automáico', 185.16, 'S', 'S'),
(1452, 73, '2013-01-06', 8, 3, 'Oferta para construç&#227;o.', 'Dinheiro', 100, 'S', 'S'),
(1453, 73, '2013-01-07', 3, 7, 'Depósito c/c Banestes.', 'Dinheiro', 100, 'S', 'S'),
(1454, 73, '2013-01-27', 8, 3, 'Oferta para Construç&#227;o.', 'Dinheiro', 245, 'S', 'S'),
(1455, 73, '2013-01-28', 3, 7, 'Depósito c/c Banestes.', 'Dinheiro', 245, 'S', 'S'),
(1456, 74, '2013-01-02', 76, 19, 'Pago consumo de energia elétrica.', 'Débio Automático', 370.56, 'S', 'S'),
(1457, 74, '2013-01-04', 76, 16, 'Pagamento de férias de funcionário do período de 02/01/2013 a 31/01/2013. Cheque 000196.', 'Cheque', 792.12, 'S', 'S'),
(1458, 74, '2013-01-04', 76, 17, 'Pago encargos sociais de funcionário ref. 12/12. Cheque 000197.', 'Cheque', 287.37, 'S', 'S'),
(1459, 74, '2013-01-16', 76, 18, 'Pago consumo de água ref. 12/12.', 'Débito Automático', 42.42, 'S', 'S'),
(1460, 74, '2013-01-31', 76, 19, 'Pago consumo de energia ref. 12/12.', 'Débito Automático', 280.51, 'S', 'S'),
(1461, 75, '2013-02-03', 1, 3, 'Apuraç&#227;o de Dízimo ', 'Dinheiro', 1096, 'S', 'S'),
(1462, 75, '2013-02-03', 2, 3, 'Apuraç&#227;o de ofertas', 'Dinheiro', 64.2, 'S', 'S'),
(1463, 75, '2013-02-10', 1, 3, 'Apuraç&#227;o de dizimo', 'Dinheiro', 662, 'S', 'S'),
(1465, 75, '2013-02-17', 1, 3, 'Apuraç&#227;o de dízimo', 'Dinheiro', 1405, 'S', 'S'),
(1466, 75, '2013-02-17', 2, 3, 'Apuraç&#227;o de ofertas', 'Dinheiro', 163.8, 'S', 'S'),
(1467, 75, '2013-02-24', 1, 3, 'Apuraç&#227;o de dizimo', 'Dinheiro', 773.65, 'S', 'S'),
(1468, 75, '2013-02-24', 2, 3, 'Apuraç&#227;o de ofertas', 'Dinheiro', 145.05, 'S', 'S'),
(1470, 75, '2013-02-06', 3, 27, 'Repasse ao Centro de Formaç&#227;o conforme recibo Paroquial n&#186; 0003881', 'Dinheiro', 21.06, 'S', 'S'),
(1471, 75, '2013-02-06', 3, 26, 'Repasse do Fundo Paroquial conforme Recibo Paroquial n&#186; 0003882', 'Dinheiro', 2106.92, 'S', 'S'),
(1473, 75, '2013-02-06', 3, 18, 'Pagamento da conta d`água a Cesan', 'Dinheiro', 34.6, 'S', 'S'),
(1474, 75, '2013-02-12', 3, 36, 'Pagamento de transporte(onibus), para locomoç&#227;o das pessoas da Comunidade N. S. da Penha para o VIDE e VEDE.', 'Dinheiro', 130, 'S', 'S'),
(1475, 75, '2013-02-10', 2, 3, 'Apuraç&#227;o de ofertas', 'Dinheiro', 67.05, 'S', 'S'),
(1476, 75, '2013-02-25', 3, 19, 'Pgamento de conta de luz - EDP - Escelsa.', 'Dinheiro', 98.56, 'S', 'S'),
(1477, 75, '2013-02-25', 3, 32, 'Transferencia de R$ 1.5000,00 do caixa para c.c 10197374', 'Dinheiro', 1500, 'S', 'S'),
(1478, 76, '2013-02-01', 3, 26, 'Fundo Paroquial m&ecirc;s 01/2013 rec. 3875		\r\n', 'dinheiro', 4147.93, 'S', 'S'),
(1479, 76, '2013-02-01', 3, 27, 'Centro de formaç&atilde;o m&ecirc;s 01/2013 rec. 3874		\r\n', 'dinheiro', 41.48, 'S', 'S'),
(1480, 76, '2013-02-03', 1, 3, 'Demonstrativo caixa 458 e 459-Ap.de dizimos	\r\n', 'dinheiro', 1955, 'S', 'S'),
(1481, 76, '2013-02-03', 2, 3, 'Demonstrativo caixa 458 e 459-Ap.Of. miss/celebr.	\r\n', 'dinheiro', 196.2, 'S', 'S'),
(1482, 76, '2013-02-04', 3, 16, 'Pgto salário de Francisca Antunes mes 01/2013 rec.3876		\r\n', 'dinheiro', 617.05, 'S', 'S'),
(1483, 76, '2013-02-04', 3, 23, 'Alpha Brasil Distrib. Ltda Me CF 066063		', 'dinheiro', 91.9, 'S', 'S'),
(1484, 76, '2013-02-04', 3, 33, 'Depósito cheque Banestes cc 1618701		\r\n', 'cheque', 100, 'S', 'S'),
(1485, 76, '2013-02-04', 3, 36, 'Eletrolandia Com. de Prod. Elet. Ltda Nfe 4578- Manutenç&atilde;o do som da Igreja		', 'dinheiro', 105, 'S', 'S'),
(1486, 76, '2013-02-04', 3, 36, 'Brasa extintores C. e Serv. Ltda Me NFs 11521	-Recarga de extintores', 'dinheiro', 90, 'S', 'S'),
(1487, 76, '2013-02-06', 3, 24, 'Cutini Mat. Elétrico Ltda EPP Nfe 2772-Interr. 20 A e lâmpadas 		', 'dinheiro', 82.5, 'S', 'S'),
(1488, 76, '2013-02-06', 3, 5, 'Holambelo Vit. F. e plantas Ltda Nfe 10107		', 'dinheiro', 100, 'S', 'S'),
(1489, 76, '2013-02-10', 1, 3, 'Demonstrativo caixa 461 e 462- Ap.dizimos	', 'dinheiro', 2604, 'S', 'S'),
(1490, 76, '2013-02-10', 2, 3, 'Demonstrativo caixa 461 e 462-Ap.Of.miss/celebr.	', 'dinheiro', 139.85, 'S', 'S'),
(1491, 76, '2013-02-13', 1, 3, 'Demonstrativo caixa 464 -Ap.dizimos	', 'dinheiro', 990, 'S', 'S'),
(1492, 76, '2013-02-13', 2, 3, 'Demonstrativo caixa 464- Ap.Of.miss/celebr.	', 'dinheiro', 171.8, 'S', 'S'),
(1493, 76, '2013-02-14', 3, 23, 'Porto Novo Supermercados Nfe n&ordm; 2357-Cestas básicas		', 'dinheiro', 933.4, 'S', 'S'),
(1494, 76, '2013-02-17', 1, 3, 'Demonstrativo caixa 466 e 467- Ap.dizimos	', 'dinheiro', 1727, 'S', 'S'),
(1495, 76, '2013-02-17', 2, 3, 'Demonstrativo caixa 466 e 467-Ap.Of. miss/celebr.	', 'dinheiro', 184.6, 'S', 'S'),
(1496, 76, '2013-02-22', 3, 22, 'Pgto Flávio B. do Rosário NFAs n&ordm; 56060-Aula de música		', 'dinheiro', 350, 'S', 'S'),
(1497, 76, '2013-02-22', 3, 22, 'ISS sobre NFAs n&ordm;56060-Flávio B.Rosário		', 'dinheiro', 17.5, 'S', 'S'),
(1498, 76, '2013-02-22', 3, 36, 'Cutini Material Elétrico Ltda Epp Nfe 2822-Melhoria da ilum. sal&atilde;o principal		', 'dinheiro', 480, 'S', 'S'),
(1499, 76, '2013-02-22', 3, 36, 'Politintas Ltda Nfe 19642-Escada de alumínio p/ acesso ao sino.		', 'dinheiro', 330.9, 'S', 'S'),
(1500, 76, '2013-02-24', 1, 3, 'Demonstrativo caixa 469 e 470-Ap.dizimos\r\n\r\n', 'dinheiro', 714, 'S', 'S'),
(1501, 76, '2013-02-24', 1, 3, 'Demonstrativo caixa 469 e 470-Ap.dizimos	\r\n', 'cheque', 480, 'S', 'S'),
(1502, 76, '2013-02-24', 2, 3, 'Demonstrativo caixa 469 e 470-Ap.of.miss/celebr.	', 'dinheiro', 329.75, 'S', 'S'),
(1503, 76, '2013-02-25', 3, 24, 'Maycon Nasc. Salvador Me Nfe 1177-Fechadura de porta		', 'dinheiro', 40.95, 'S', 'S'),
(1504, 76, '2013-02-14', 33, 18, 'Pagamento Cesan ref. 01/2013', 'débito/crédito', 66.22, 'S', 'S'),
(1505, 76, '2013-02-28', 35, 34, 'Rendimento aplic.financeira Banestes mes 02/2013', 'débito/crédito', 67.31, 'S', 'S');

-- --------------------------------------------------------

--
-- Estrutura da tabela `unts_lista`
--

CREATE TABLE IF NOT EXISTS `unts_lista` (
  `lst_id` smallint(6) NOT NULL AUTO_INCREMENT,
  `lst_codigo` smallint(6) NOT NULL,
  `lst_nome` varchar(255) NOT NULL,
  `lst_foto` varchar(255) NOT NULL,
  PRIMARY KEY (`lst_id`),
  UNIQUE KEY `lst_codigo` (`lst_codigo`)
) ENGINE=InnoDB  DEFAULT CHARSET=latin1 AUTO_INCREMENT=5 ;

--
-- Extraindo dados da tabela `unts_lista`
--

INSERT INTO `unts_lista` (`lst_id`, `lst_codigo`, `lst_nome`, `lst_foto`) VALUES
(1, 1, 'Claudio Alves Moreira', '134904.bmp'),
(2, 2, 'Jessica Jimena Castro Andrade', '134949.bmp'),
(3, 16, 'Lídice de Lima Castilho', '0016 L_dice de Lima Castilho.JPG'),
(4, 4, 'Teste', 'esp_sag_menora.jpg');

-- --------------------------------------------------------

--
-- Estrutura da tabela `unts_movimento`
--

CREATE TABLE IF NOT EXISTS `unts_movimento` (
  `movim_id` smallint(6) NOT NULL AUTO_INCREMENT,
  `tesra_id` smallint(6) NOT NULL,
  `perio_id` smallint(6) NOT NULL,
  `movim_data_ini` date NOT NULL,
  `movim_data_fim` date NOT NULL,
  `movim_ativo` char(1) NOT NULL,
  PRIMARY KEY (`movim_id`),
  UNIQUE KEY `unique_tesra_periodo` (`tesra_id`,`perio_id`),
  KEY `tesra_id` (`tesra_id`),
  KEY `perio_id` (`perio_id`)
) ENGINE=InnoDB  DEFAULT CHARSET=latin1 ROW_FORMAT=COMPACT AUTO_INCREMENT=77 ;

--
-- Extraindo dados da tabela `unts_movimento`
--

INSERT INTO `unts_movimento` (`movim_id`, `tesra_id`, `perio_id`, `movim_data_ini`, `movim_data_fim`, `movim_ativo`) VALUES
(1, 2, 1, '2012-01-02', '2012-03-31', 'S'),
(2, 1, 1, '2012-01-01', '2012-01-31', 'S'),
(4, 1, 2, '2012-02-01', '2012-02-29', 'S'),
(5, 1, 3, '2012-03-01', '2012-03-31', 'S'),
(6, 1, 4, '2012-04-01', '2012-04-30', 'S'),
(7, 2, 2, '2012-02-01', '2012-02-29', 'S'),
(8, 2, 3, '2012-03-01', '2012-03-31', 'S'),
(9, 2, 4, '2012-04-01', '2012-04-30', 'S'),
(10, 4, 4, '2012-04-01', '2012-04-30', 'S'),
(11, 4, 1, '2012-01-01', '2012-01-31', 'S'),
(12, 4, 2, '2012-02-01', '2012-02-29', 'S'),
(13, 4, 3, '2012-03-01', '2012-03-30', 'S'),
(14, 1, 5, '2012-05-01', '2012-05-31', 'S'),
(15, 5, 1, '2012-01-01', '2012-01-31', 'S'),
(16, 4, 5, '2012-05-01', '2012-05-31', 'S'),
(17, 5, 5, '2012-05-01', '2012-05-31', 'S'),
(18, 6, 3, '2012-03-01', '2012-03-31', 'S'),
(19, 3, 1, '2012-01-01', '2012-01-31', 'S'),
(20, 2, 5, '2012-05-01', '2012-05-31', 'S'),
(21, 4, 6, '2012-06-01', '2012-06-30', 'S'),
(22, 1, 6, '2012-06-01', '2012-06-30', 'S'),
(23, 2, 6, '2012-06-01', '2012-06-30', 'S'),
(24, 5, 6, '2012-06-01', '2012-06-30', 'S'),
(25, 1, 7, '2012-07-01', '2012-07-31', 'S'),
(26, 2, 7, '2012-07-01', '2012-07-31', 'S'),
(27, 5, 7, '2012-07-01', '2012-07-31', 'S'),
(28, 4, 7, '2012-07-01', '2012-07-31', 'S'),
(29, 4, 8, '2012-08-01', '2012-08-31', 'S'),
(30, 5, 8, '0202-08-01', '2012-08-31', 'S'),
(31, 4, 9, '2012-09-01', '2012-09-30', 'S'),
(32, 5, 9, '2012-09-01', '2012-09-30', 'S'),
(33, 5, 2, '2012-09-01', '2012-02-29', 'S'),
(34, 5, 3, '2012-03-01', '2012-03-31', 'S'),
(35, 5, 4, '2012-04-01', '2012-04-30', 'S'),
(36, 1, 8, '2012-08-01', '2012-08-31', 'S'),
(37, 2, 8, '2012-08-01', '2012-08-31', 'S'),
(38, 1, 9, '2012-09-01', '2012-09-30', 'S'),
(39, 5, 10, '2012-10-01', '2012-10-31', 'S'),
(42, 4, 10, '2012-10-01', '2012-10-31', 'S'),
(43, 2, 9, '2012-09-01', '2012-09-30', 'S'),
(44, 5, 11, '2012-11-01', '2012-11-30', 'S'),
(45, 4, 11, '2012-11-01', '2012-11-30', 'S'),
(46, 1, 10, '2012-10-01', '2012-10-31', 'S'),
(47, 2, 10, '2012-10-01', '2012-10-31', 'S'),
(48, 3, 2, '2012-02-01', '2012-02-29', 'S'),
(49, 3, 3, '2012-03-01', '2012-03-31', 'S'),
(50, 3, 4, '2012-04-01', '2012-04-30', 'S'),
(51, 3, 5, '2012-05-01', '2012-05-31', 'S'),
(52, 3, 6, '2012-06-01', '2012-06-30', 'S'),
(53, 3, 7, '2012-07-01', '2012-07-31', 'S'),
(54, 3, 8, '2012-08-01', '2012-08-31', 'S'),
(55, 3, 9, '2012-09-01', '2012-09-30', 'S'),
(56, 3, 10, '2012-10-01', '2012-10-31', 'S'),
(57, 4, 12, '2012-12-01', '2012-12-31', 'S'),
(59, 1, 11, '2012-11-01', '2012-11-30', 'S'),
(60, 2, 11, '2012-11-01', '2012-11-30', 'S'),
(61, 5, 12, '2013-01-01', '2013-01-31', 'S'),
(65, 1, 12, '2012-12-01', '2012-12-31', 'S'),
(66, 2, 12, '2012-12-01', '2012-12-31', 'S'),
(67, 3, 11, '2012-11-01', '2012-11-30', 'S'),
(68, 3, 12, '2012-12-01', '2012-12-31', 'S'),
(69, 4, 13, '2013-01-01', '2013-01-31', 'S'),
(70, 5, 13, '2013-01-01', '2013-01-31', 'S'),
(71, 1, 14, '2013-01-01', '2013-01-31', 'S'),
(72, 1, 13, '2013-01-01', '2013-01-31', 'S'),
(73, 2, 13, '2013-01-01', '2013-01-31', 'S'),
(74, 3, 13, '2013-01-01', '2013-01-31', 'S'),
(75, 4, 14, '2013-02-01', '2013-02-28', 'S'),
(76, 5, 14, '2013-02-01', '2013-02-28', 'S');

-- --------------------------------------------------------

--
-- Estrutura da tabela `unts_municipio`
--

CREATE TABLE IF NOT EXISTS `unts_municipio` (
  `munic_id` smallint(6) NOT NULL AUTO_INCREMENT,
  `munic_descricao` varchar(255) NOT NULL,
  PRIMARY KEY (`munic_id`)
) ENGINE=InnoDB  DEFAULT CHARSET=latin1 AUTO_INCREMENT=79 ;

--
-- Extraindo dados da tabela `unts_municipio`
--

INSERT INTO `unts_municipio` (`munic_id`, `munic_descricao`) VALUES
(1, 'Afonso Cl&aacute;udio '),
(2, '&Aacute;gua Doce do Norte '),
(3, '&Aacute;guia Branca '),
(4, 'Alegre '),
(5, 'Alfredo Chaves '),
(6, 'Alto Rio Novo '),
(7, 'Anchieta '),
(8, 'Apiac&aacute; '),
(9, 'Aracruz '),
(10, 'At&iacute;lio Viv&aacute;cqua '),
(11, 'Baixo Guandu '),
(12, 'Barra de S&atilde;o Francisco '),
(13, 'Boa Esperan&ccedil;a '),
(14, 'Bom Jesus do Norte '),
(15, 'Brejetuba '),
(16, 'Cachoeiro de Itapemirim '),
(17, 'Cariacica '),
(18, 'Castelo '),
(19, 'Colatina '),
(20, 'Concei&ccedil;&atilde;o da Barra '),
(21, 'Concei&ccedil;&atilde;o do Castelo '),
(22, 'Divino de S&atilde;o Louren&ccedil;o '),
(23, 'Domingos Martins '),
(24, 'Dores do Rio Preto '),
(25, 'Ecoporanga '),
(26, 'Fund&atilde;o '),
(27, 'Governador Lindenberg '),
(28, 'Gua&ccedil;u&iacute; '),
(29, 'Guarapari '),
(30, 'Ibatiba '),
(31, 'Ibira&ccedil;u '),
(32, 'Ibitirama '),
(33, 'Iconha '),
(34, 'Irupi '),
(35, 'Itagua&ccedil;u '),
(36, 'Itapemirim '),
(37, 'Itarana '),
(38, 'I&uacute;na '),
(39, 'Jaguar&eacute; '),
(40, 'Jer&ocirc;nimo Monteiro '),
(41, 'Jo&atilde;o Neiva '),
(42, 'Laranja da Terra '),
(43, 'Linhares '),
(44, 'Manten&oacute;polis '),
(45, 'Marata&iacute;zes '),
(46, 'Marechal Floriano '),
(47, 'Maril&acirc;ndia '),
(48, 'Mimoso do Sul '),
(49, 'Montanha '),
(50, 'Mucurici '),
(51, 'Muniz Freire '),
(52, 'Muqui '),
(53, 'Nova Ven&eacute;cia '),
(54, 'Pancas '),
(55, 'Pedro Can&aacute;rio '),
(56, 'Pinheiros '),
(57, 'Pi&uacute;ma '),
(58, 'Ponto Belo '),
(59, 'Presidente Kennedy '),
(60, 'Rio Bananal '),
(61, 'Rio Novo do Sul '),
(62, 'Santa Leopoldina '),
(63, 'Santa Maria de Jetib&aacute; '),
(64, 'Santa Teresa '),
(65, 'S&atilde;o Domingos do Norte '),
(66, 'S&atilde;o Gabriel da Palha '),
(67, 'S&atilde;o Jos&eacute; do Cal&ccedil;ado '),
(68, 'S&atilde;o Mateus '),
(69, 'S&atilde;o Roque do Cana&atilde; '),
(70, 'Serra '),
(71, 'Sooretama '),
(72, 'Vargem Alta '),
(73, 'Venda Nova do Imigrante '),
(74, 'Viana '),
(75, 'Vila Pav&atilde;o '),
(76, 'Vila Val&eacute;rio '),
(77, 'Vila Velha '),
(78, 'Vit&oacute;ria ');

-- --------------------------------------------------------

--
-- Estrutura da tabela `unts_periodo`
--

CREATE TABLE IF NOT EXISTS `unts_periodo` (
  `perio_id` smallint(6) NOT NULL AUTO_INCREMENT,
  `perio_mes` char(3) NOT NULL,
  `perio_ano` smallint(4) NOT NULL,
  `perio_ativo` char(1) NOT NULL,
  PRIMARY KEY (`perio_id`),
  UNIQUE KEY `unique_mes_ano` (`perio_mes`,`perio_ano`),
  KEY `perio_mes` (`perio_mes`),
  KEY `perio_ano` (`perio_ano`)
) ENGINE=InnoDB  DEFAULT CHARSET=latin1 AUTO_INCREMENT=20 ;

--
-- Extraindo dados da tabela `unts_periodo`
--

INSERT INTO `unts_periodo` (`perio_id`, `perio_mes`, `perio_ano`, `perio_ativo`) VALUES
(1, 'Jan', 2012, 'S'),
(2, 'Fev', 2012, 'S'),
(3, 'Mar', 2012, 'S'),
(4, 'Abr', 2012, 'S'),
(5, 'Mai', 2012, 'S'),
(6, 'Jun', 2012, 'S'),
(7, 'Jul', 2012, 'S'),
(8, 'Ago', 2012, 'S'),
(9, 'Set', 2012, 'S'),
(10, 'Out', 2012, 'S'),
(11, 'Nov', 2012, 'S'),
(12, 'Dez', 2012, 'S'),
(13, 'Jan', 2013, 'S'),
(14, 'Fev', 2013, 'S'),
(15, 'Mar', 2013, 'S'),
(16, 'Abr', 2013, 'S'),
(17, 'Mai', 2013, 'S'),
(18, 'Jun', 2013, 'S'),
(19, 'Jul', 2013, 'S');

-- --------------------------------------------------------

--
-- Estrutura da tabela `unts_permissao`
--

CREATE TABLE IF NOT EXISTS `unts_permissao` (
  `permi_id` smallint(6) NOT NULL AUTO_INCREMENT,
  `tesra_id` smallint(6) NOT NULL,
  `user_id` smallint(6) NOT NULL,
  `permi_data_ini` date DEFAULT NULL,
  `permi_data_fim` date DEFAULT NULL,
  `permi_ativa` char(1) NOT NULL DEFAULT 'S',
  PRIMARY KEY (`permi_id`),
  UNIQUE KEY `unique_tesra_user` (`tesra_id`,`user_id`),
  KEY `tesra_id` (`tesra_id`),
  KEY `user_id` (`user_id`)
) ENGINE=InnoDB  DEFAULT CHARSET=latin1 ROW_FORMAT=COMPACT AUTO_INCREMENT=21 ;

--
-- Extraindo dados da tabela `unts_permissao`
--

INSERT INTO `unts_permissao` (`permi_id`, `tesra_id`, `user_id`, `permi_data_ini`, `permi_data_fim`, `permi_ativa`) VALUES
(1, 1, 2, '2012-03-04', NULL, 'S'),
(2, 2, 2, '2012-03-04', NULL, 'S'),
(3, 1, 3, '2012-01-01', NULL, 'S'),
(4, 2, 3, '2012-01-01', NULL, 'S'),
(5, 1, 4, '2012-01-01', NULL, 'S'),
(6, 2, 4, '2012-01-01', NULL, 'S'),
(7, 3, 3, '2012-01-01', NULL, 'S'),
(8, 3, 5, '2012-01-01', NULL, 'S'),
(9, 4, 6, '2012-01-01', NULL, 'S'),
(10, 1, 1, '2012-01-01', NULL, 'S'),
(11, 2, 1, '2012-01-01', NULL, 'S'),
(12, 4, 1, '2012-01-01', NULL, 'S'),
(13, 4, 7, '2012-01-01', NULL, 'S'),
(14, 5, 8, '2012-01-01', NULL, 'S'),
(15, 3, 4, '2012-01-01', NULL, 'N'),
(16, 5, 1, '2012-01-01', NULL, 'S'),
(17, 5, 9, '2012-01-01', NULL, 'S'),
(18, 6, 4, '2012-01-01', NULL, 'S'),
(20, 6, 1, '2012-01-01', NULL, 'N');

-- --------------------------------------------------------

--
-- Estrutura da tabela `unts_plcta_classe`
--

CREATE TABLE IF NOT EXISTS `unts_plcta_classe` (
  `classe_id` smallint(6) NOT NULL AUTO_INCREMENT COMMENT 'identificador unico classe',
  `grupo_id` smallint(6) NOT NULL COMMENT 'foreign key grupo',
  `subgrupo_id` smallint(6) NOT NULL COMMENT 'foreign key subgrupo',
  `classe_simplificado` varchar(255) NOT NULL COMMENT 'simplificado para classe',
  `classe_descricao` varchar(255) NOT NULL COMMENT 'descricao da classe',
  `classe_ativa` char(1) NOT NULL DEFAULT 'S' COMMENT 'S= Sim - N=Não',
  PRIMARY KEY (`classe_id`),
  KEY `grupo_id` (`grupo_id`,`subgrupo_id`),
  KEY `subgrupo_id` (`subgrupo_id`)
) ENGINE=InnoDB  DEFAULT CHARSET=latin1 ROW_FORMAT=COMPACT AUTO_INCREMENT=9 ;

--
-- Extraindo dados da tabela `unts_plcta_classe`
--

INSERT INTO `unts_plcta_classe` (`classe_id`, `grupo_id`, `subgrupo_id`, `classe_simplificado`, `classe_descricao`, `classe_ativa`) VALUES
(1, 1, 1, '1.1.01', 'Disponível', 'S'),
(2, 1, 1, '1.1.02', 'Núcleo Central', 'S'),
(3, 1, 1, '1.1.03', 'Núcleo Navegantes', 'S'),
(4, 2, 1, '2.1.01', 'Salários', 'S'),
(5, 2, 1, '2.1.02', 'Mantenedores', 'S'),
(6, 3, 3, '3.1.01', 'Despesas Administrativas', 'S'),
(7, 3, 3, '3.1.02', 'Dimensão Missionária', 'S'),
(8, 3, 3, '3.1.03', 'Dimensão Social', 'S');

-- --------------------------------------------------------

--
-- Estrutura da tabela `unts_plcta_grupo`
--

CREATE TABLE IF NOT EXISTS `unts_plcta_grupo` (
  `grupo_id` smallint(6) NOT NULL AUTO_INCREMENT,
  `grupo_descricao` varchar(255) NOT NULL,
  `grupo_ativo` char(1) NOT NULL,
  PRIMARY KEY (`grupo_id`)
) ENGINE=InnoDB  DEFAULT CHARSET=latin1 ROW_FORMAT=COMPACT AUTO_INCREMENT=5 ;

--
-- Extraindo dados da tabela `unts_plcta_grupo`
--

INSERT INTO `unts_plcta_grupo` (`grupo_id`, `grupo_descricao`, `grupo_ativo`) VALUES
(1, 'Ativo', 'S'),
(2, 'Passivo', 'S'),
(3, 'Despesas', 'S'),
(4, 'Receitas', 'S');

-- --------------------------------------------------------

--
-- Estrutura da tabela `unts_plcta_subclasse`
--

CREATE TABLE IF NOT EXISTS `unts_plcta_subclasse` (
  `subclasse_id` smallint(6) NOT NULL AUTO_INCREMENT COMMENT 'identificador unico classe',
  `grupo_id` smallint(6) NOT NULL COMMENT 'foreign key grupo',
  `subgrupo_id` smallint(6) NOT NULL COMMENT 'foreign key subgrupo',
  `classe_id` smallint(6) NOT NULL COMMENT 'foreign key classe',
  `subclasse_simplificado` varchar(255) NOT NULL COMMENT 'codigo simplificado para subclasse',
  `subclasse_descricao` varchar(255) NOT NULL COMMENT 'descricao da classe',
  `subclasse_ativa` char(1) NOT NULL COMMENT 'S=Sim - N=Não',
  PRIMARY KEY (`subclasse_id`),
  KEY `grupo_id` (`grupo_id`,`subgrupo_id`),
  KEY `classe_id` (`classe_id`),
  KEY `subgrupo_id` (`subgrupo_id`)
) ENGINE=InnoDB  DEFAULT CHARSET=latin1 AUTO_INCREMENT=58 ;

--
-- Extraindo dados da tabela `unts_plcta_subclasse`
--

INSERT INTO `unts_plcta_subclasse` (`subclasse_id`, `grupo_id`, `subgrupo_id`, `classe_id`, `subclasse_simplificado`, `subclasse_descricao`, `subclasse_ativa`) VALUES
(1, 1, 1, 2, '1.1.02.001', 'Nossa Senhora da Conceição (Matriz)', 'S'),
(2, 1, 1, 2, '1.1.02.002', 'Nossa Senhora da Conceição (Antiga Matriz)', 'S'),
(3, 1, 1, 2, '1.1.02.003', 'Sagrada Família', 'S'),
(4, 1, 1, 2, '1.1.02.004', 'Santa Maria Goretti', 'S'),
(5, 1, 1, 2, '1.1.02.005', 'São João Batista', 'S'),
(6, 1, 1, 3, '1.1.02.006', 'São Judas Tadeu', 'S'),
(7, 2, 1, 2, '2.1.02.001', 'Nossa Senhora da Conceição (Matriz)', 'S'),
(8, 2, 1, 2, '2.1.02.002', 'Nossa Senhora da conceição (Antiga Matriz)', ''),
(9, 2, 1, 2, '2.1.02.003', 'Sagrada Família', 'S'),
(10, 2, 1, 2, '2.1.02.004', 'Santa Maria Goretti', 'S'),
(11, 2, 1, 2, '2.1.02.005', 'São João Batista', 'S'),
(12, 2, 1, 2, '2.1.02.006', 'São Judas Tadeu', 'S'),
(13, 2, 1, 2, '2.1.02.007', 'Divino Espírito Santo', 'S'),
(14, 2, 1, 2, '2.1.02.008', 'Nossa Senhora do Carmo', 'S'),
(15, 2, 1, 2, '2.1.02.009', 'Santa Cruz', 'S'),
(16, 2, 1, 2, '2.1.02.010', 'Santa Margarida', 'S'),
(17, 2, 1, 2, '2.1.02.011', 'Santa Expedito', 'S'),
(18, 2, 1, 2, '2.1.02.012', 'São Sebastião', 'S'),
(19, 2, 1, 2, '2.1.02.013', 'Nossa Senhora Aparecida', 'S'),
(20, 2, 1, 2, '2.1.02.014', 'Nossa Senhora da Penha', 'S'),
(22, 2, 1, 2, '2.1.02.015', 'Nossa Senhora das Neves', 'S'),
(23, 2, 1, 2, '2.1.02.016', 'Nossa Senhora dos Navegantes', 'S'),
(24, 2, 1, 2, '2.1.02.017', 'Sant''Ana', 'S'),
(25, 2, 1, 2, '2.1.02.018', 'Santa Terezinha', 'S'),
(26, 2, 1, 2, '2.1.02.019', 'São Sebastião (Marítmo)', 'S'),
(27, 2, 1, 2, '2.1.02.020', 'São Sebastião (Marítmo)', 'S'),
(28, 3, 3, 6, '3.1.01.002', 'Energia Elétrica (Casa Paroquial)', 'S'),
(29, 3, 3, 6, '3.1.01.002', 'Saneamento Básico (Casa Paroquial)', 'S'),
(30, 3, 1, 7, '3.1.01.003', 'Telefone (Casa Paroquial)', 'S'),
(31, 3, 3, 7, '3.1.01.004', 'Manutenção Casa Paroquial', 'S'),
(32, 3, 3, 6, '3.1.01.005', 'Telefone (Secretaria Paroquial)', 'S'),
(33, 3, 3, 6, '3.1.01.006', 'Côngruas Sacerdotais', 'S'),
(34, 3, 3, 6, '3.1.01.007', 'INSS (Padres)', 'S'),
(35, 3, 3, 6, '3.1.01.008', 'Plano Saúde (Padres)', 'S'),
(36, 3, 3, 6, '3.1.01.009', 'Combustível', 'S'),
(37, 3, 3, 6, '3.1.01.010', 'Consórcio Solidário', 'S'),
(38, 3, 3, 6, '3.1.01.011', 'Seguro Automóveis', 'S'),
(39, 3, 3, 6, '3.1.01.012', 'Manutenção Automóveis', 'S'),
(40, 3, 3, 6, '3.1.01.013', 'Material Escritório e Limpeza (Secretaria)', 'S'),
(41, 3, 3, 6, '3.1.01.014', 'Manutenção Copiadoras', 'S'),
(42, 3, 3, 6, '3.1.01.015', 'Material Litúrgico', 'S'),
(43, 3, 3, 6, '3.1.01.016', 'Despesas Diversas com Pessoal', 'S'),
(44, 3, 3, 6, '3.1.02.001', 'Repasse Mitra (Dízmos, Coletas, F.Presbiteral, F.N.S.Penha, Seminário)', 'S'),
(45, 3, 3, 6, '3.1.02.002', 'Cursos de Formação e Retiros', 'S'),
(46, 3, 3, 6, '3.1.02.001', 'Repasse Mitra (Dízmos, Coletas, F.Presbiteral, F.N.S.Penha, Seminário)', 'S'),
(47, 3, 3, 6, '3.1.02.002', 'Cursos de Formação e Retiros', 'S'),
(48, 3, 4, 7, '3.1.02.003', 'Telefone (N.S.Navegantes e C.Treinamento)', 'S'),
(49, 3, 3, 8, '3.1.03.001', 'Saneamento Básico (Pastoral da Criança)', 'S'),
(50, 3, 3, 8, '3.1.03.002', 'Combustível (automóvel das Pastorais)', 'S'),
(51, 3, 3, 8, '3.1.03.003', 'Repasse Coleta da Caridade', 'S'),
(52, 3, 3, 8, '3.1.03.004', 'Energia Elétrica (Pastoral da Criança)', 'S'),
(53, 3, 3, 8, '3.1.03.005', 'Manutenção (Automóvel das Pastorais)', 'S'),
(54, 3, 3, 8, '3.1.03.006', 'Telefone (Farmácia Natural)', 'S'),
(55, 3, 3, 8, '3.1.03.007', 'Telefone (Pastoral da Criança', 'S'),
(56, 1, 1, 1, '1.1.01.001', 'Caixa', 'S'),
(57, 1, 1, 1, '1.1.01.002', 'Banestes Conta Corrente', 'S');

-- --------------------------------------------------------

--
-- Estrutura da tabela `unts_plcta_subgrupo`
--

CREATE TABLE IF NOT EXISTS `unts_plcta_subgrupo` (
  `subgrupo_id` smallint(6) NOT NULL AUTO_INCREMENT,
  `grupo_id` smallint(6) NOT NULL,
  `subgrupo_codsimp` varchar(200) NOT NULL,
  `subgrupo_descricao` varchar(255) NOT NULL,
  `subgrupo_ativo` char(1) NOT NULL DEFAULT '',
  PRIMARY KEY (`subgrupo_id`)
) ENGINE=InnoDB  DEFAULT CHARSET=latin1 ROW_FORMAT=COMPACT AUTO_INCREMENT=5 ;

--
-- Extraindo dados da tabela `unts_plcta_subgrupo`
--

INSERT INTO `unts_plcta_subgrupo` (`subgrupo_id`, `grupo_id`, `subgrupo_codsimp`, `subgrupo_descricao`, `subgrupo_ativo`) VALUES
(1, 1, '1.1', 'Ativo Circulante', 'S'),
(2, 2, '2.1', 'Passivo Circulante', 'S'),
(3, 3, '3.1', 'Receitas Operacionais', 'S'),
(4, 4, '4.1', 'Despesas Operacionais', 'S');

-- --------------------------------------------------------

--
-- Estrutura da tabela `unts_saldo_ini`
--

CREATE TABLE IF NOT EXISTS `unts_saldo_ini` (
  `saldo_id` smallint(6) NOT NULL AUTO_INCREMENT,
  `movim_id` smallint(6) NOT NULL,
  `conta_id` smallint(6) NOT NULL,
  `saldo_valor` double NOT NULL,
  `saldo_ativo` char(1) NOT NULL,
  PRIMARY KEY (`saldo_id`),
  UNIQUE KEY `unq_mov_cta` (`movim_id`,`conta_id`),
  KEY `movim_id` (`movim_id`),
  KEY `conta_id` (`conta_id`)
) ENGINE=InnoDB  DEFAULT CHARSET=latin1 ROW_FORMAT=COMPACT AUTO_INCREMENT=176 ;

--
-- Extraindo dados da tabela `unts_saldo_ini`
--

INSERT INTO `unts_saldo_ini` (`saldo_id`, `movim_id`, `conta_id`, `saldo_valor`, `saldo_ativo`) VALUES
(1, 5, 3, 448.929992675781, 'S'),
(10, 2, 3, 1412.9599609375, 'S'),
(11, 2, 4, 9350.7099609375, 'S'),
(12, 2, 29, 0, 'S'),
(13, 4, 3, 459.980010986328, 'S'),
(14, 4, 4, 11005.2998046875, 'S'),
(15, 4, 29, 0, 'S'),
(16, 5, 4, 14243.01953125, 'S'),
(17, 5, 29, 0, 'S'),
(19, 1, 7, 1625.18994140625, 'S'),
(20, 1, 3, 4.19000005722046, 'S'),
(21, 1, 30, 0, 'S'),
(22, 7, 3, 4.19000005722046, 'S'),
(23, 7, 7, 1625.18994140625, 'S'),
(24, 7, 30, 0, 'S'),
(25, 8, 3, 4.19000005722046, 'S'),
(26, 8, 7, 1625.18994140625, 'S'),
(27, 8, 30, 0, 'S'),
(28, 9, 3, 4.19000005722046, 'S'),
(29, 9, 7, 1041.5400390625, 'S'),
(30, 9, 30, 0, 'S'),
(31, 6, 3, 46.75, 'S'),
(32, 6, 4, 14934.79, 'S'),
(33, 6, 29, 0, 'S'),
(34, 10, 3, 1749.56, 'S'),
(35, 10, 32, 5970.01, 'S'),
(36, 11, 3, 1872.27, 'S'),
(37, 11, 32, 7385.61, 'S'),
(38, 12, 3, 1359.42, 'S'),
(39, 12, 32, 7385.61, 'S'),
(40, 13, 3, 1578.93, 'S'),
(41, 13, 32, 7385.61, 'S'),
(42, 14, 3, 800.81, 'S'),
(43, 14, 4, 14503.26, 'S'),
(44, 14, 29, 0, 'S'),
(45, 14, 32, 1, 'S'),
(46, 15, 3, 1964.01, 'S'),
(47, 15, 33, 13734.23, 'S'),
(48, 16, 3, 978, 'S'),
(49, 16, 32, 6712.94, 'S'),
(50, 17, 3, 4771.47, 'S'),
(51, 17, 33, 1851.75, 'S'),
(52, 17, 34, 10090.53, 'S'),
(53, 18, 3, 0, 'S'),
(54, 18, 68, 49421.64, 'S'),
(55, 20, 3, 13.19, 'S'),
(56, 20, 7, 1041.54, 'S'),
(57, 6, 72, 0, 'S'),
(58, 14, 72, 735, 'S'),
(59, 21, 3, 243.97, 'S'),
(60, 21, 32, 2716.52, 'S'),
(61, 22, 3, 2012.04, 'S'),
(62, 22, 4, 14388.16, 'S'),
(63, 22, 72, 0, 'S'),
(64, 23, 3, 13.19, 'S'),
(65, 23, 7, 3661.54, 'S'),
(66, 24, 3, 4352.09, 'S'),
(67, 24, 33, 3332.31, 'S'),
(68, 24, 34, 10155.66, 'S'),
(69, 25, 3, 464.63, 'S'),
(70, 25, 4, 17850.04, 'S'),
(71, 25, 72, 0, 'S'),
(72, 26, 3, 0.19, 'S'),
(73, 26, 7, 13675.28, 'S'),
(74, 26, 73, 0, 'S'),
(75, 27, 3, 1190.38, 'S'),
(76, 27, 33, 2198.94, 'S'),
(77, 27, 34, 10204.11, 'S'),
(78, 28, 32, 2716.52, 'S'),
(79, 28, 3, 1296.23, 'S'),
(80, 29, 32, 2716.52, 'S'),
(81, 29, 3, 2665.87, 'S'),
(82, 30, 3, 3526.34, 'S'),
(83, 30, 33, 3164.94, 'S'),
(84, 30, 34, 12230.03, 'S'),
(85, 31, 3, 553.18, 'S'),
(86, 31, 32, 3061.92, 'S'),
(87, 32, 3, 3667.82, 'S'),
(88, 32, 33, 2948.69, 'S'),
(89, 32, 34, 12303.25, 'S'),
(90, 33, 3, 4930.4, 'S'),
(91, 33, 33, 11073.08, 'S'),
(92, 36, 3, 1334.66, 'S'),
(93, 36, 4, 19700.77, 'S'),
(94, 36, 72, 255, 'S'),
(95, 37, 3, 0.19, 'S'),
(96, 37, 7, 11788.93, 'S'),
(97, 37, 73, 0, 'S'),
(98, 38, 3, 695.71, 'S'),
(99, 38, 4, 20659.09, 'S'),
(100, 38, 73, 0, 'S'),
(101, 39, 3, 4083.4, 'S'),
(102, 39, 33, 6577.84, 'S'),
(103, 39, 34, 12360.74, 'S'),
(104, 42, 3, 2023.58, 'S'),
(105, 42, 32, 4031.92, 'S'),
(113, 43, 3, 3382.19, 'S'),
(114, 43, 7, 3076.99, 'S'),
(115, 44, 33, 2803.2, 'S'),
(116, 44, 3, 6538.79, 'S'),
(117, 44, 34, 12426.15, 'S'),
(118, 45, 3, 737.09, 'S'),
(119, 45, 32, 123.32, 'S'),
(120, 46, 3, 3856.15, 'S'),
(121, 46, 4, 16761.69, 'S'),
(122, 47, 3, 131.19, 'S'),
(123, 47, 7, 832.83, 'S'),
(124, 48, 76, 0, 'S'),
(125, 48, 3, 0, 'S'),
(126, 49, 3, 0, 'S'),
(127, 49, 76, 0, 'S'),
(128, 50, 3, 0, 'S'),
(129, 50, 76, 0, 'S'),
(130, 51, 3, 0, 'S'),
(131, 51, 76, 0, 'S'),
(132, 52, 3, 0, 'S'),
(133, 52, 76, 0, 'S'),
(134, 53, 3, 0, 'S'),
(135, 53, 76, 0, 'S'),
(136, 54, 3, 0, 'S'),
(137, 54, 76, 0, 'S'),
(138, 55, 3, 0, 'S'),
(139, 55, 76, 0, 'S'),
(140, 56, 3, 0, 'S'),
(141, 56, 76, 0, 'S'),
(142, 57, 3, 1886.64, 'S'),
(143, 57, 32, 923.32, 'S'),
(144, 59, 3, 3946.24, 'S'),
(145, 59, 4, 13214.83, 'S'),
(146, 60, 3, 0.19, 'S'),
(147, 60, 7, 1511.83, 'S'),
(148, 61, 3, 2229.29, 'S'),
(149, 61, 4, 0, 'S'),
(150, 61, 7, 0, 'S'),
(151, 61, 34, 15999.57, 'S'),
(152, 61, 33, 3109.33, 'S'),
(153, 65, 3, 23.51, 'S'),
(154, 65, 4, 13525.21, 'S'),
(155, 66, 3, 0.19, 'S'),
(156, 66, 7, 2935.18, 'S'),
(157, 67, 3, 0, 'S'),
(158, 67, 76, 0, 'S'),
(159, 68, 3, 0, 'S'),
(160, 68, 76, 0, 'S'),
(161, 69, 68, 0, 'S'),
(162, 69, 3, 1936, 'S'),
(163, 69, 32, 3423.32, 'S'),
(164, 70, 3, 2774.29, 'S'),
(165, 70, 33, 5647.34, 'S'),
(166, 70, 34, 16073.64, 'S'),
(167, 72, 3, 577.21, 'S'),
(168, 72, 4, 11427.97, 'S'),
(169, 73, 3, 0.19, 'S'),
(170, 73, 7, 3035.18, 'S'),
(171, 75, 32, 3723.32, 'S'),
(172, 75, 3, 934.71, 'S'),
(173, 76, 3, 4670.48, 'S'),
(174, 76, 33, 186.18, 'S'),
(175, 76, 34, 16155.22, 'S');

-- --------------------------------------------------------

--
-- Estrutura da tabela `unts_tesouraria`
--

CREATE TABLE IF NOT EXISTS `unts_tesouraria` (
  `tesra_id` smallint(6) NOT NULL AUTO_INCREMENT,
  `tesra_descricao` varchar(255) NOT NULL,
  `comun_id` smallint(6) NOT NULL,
  `tesra_ativo` char(1) NOT NULL DEFAULT 'S',
  PRIMARY KEY (`tesra_id`),
  KEY `comun_id` (`comun_id`)
) ENGINE=InnoDB  DEFAULT CHARSET=latin1 AUTO_INCREMENT=10 ;

--
-- Extraindo dados da tabela `unts_tesouraria`
--

INSERT INTO `unts_tesouraria` (`tesra_id`, `tesra_descricao`, `comun_id`, `tesra_ativo`) VALUES
(1, 'CSCJ - Tesouraria', 1, 'S'),
(2, 'CSCJ - Tesouraria (construç&#227;o)', 1, 'S'),
(3, 'CFPL - Tesouraria', 2, 'S'),
(4, 'CNSP - Tesouraria ', 3, 'S'),
(5, 'CSL - Tesouraria ', 4, 'S'),
(6, 'PSMD - Fundo Paroquial', 5, 'S'),
(7, 'CNSP - Tesouraria ', 3, 'S'),
(8, 'CSL - Tesouraria ', 4, 'S'),
(9, 'CSL - Tesouraria ', 4, 'S');

-- --------------------------------------------------------

--
-- Estrutura da tabela `unts_uf`
--

CREATE TABLE IF NOT EXISTS `unts_uf` (
  `uf_id` smallint(6) NOT NULL AUTO_INCREMENT,
  `uf_descricao` char(2) NOT NULL,
  `uf_ativo` char(1) NOT NULL DEFAULT 'S',
  PRIMARY KEY (`uf_id`)
) ENGINE=InnoDB  DEFAULT CHARSET=latin1 AUTO_INCREMENT=28 ;

--
-- Extraindo dados da tabela `unts_uf`
--

INSERT INTO `unts_uf` (`uf_id`, `uf_descricao`, `uf_ativo`) VALUES
(1, 'AC', 'S'),
(2, 'AL', 'S'),
(3, 'AP', 'S'),
(4, 'AM', 'S'),
(5, 'BA', 'S'),
(6, 'CE', 'S'),
(7, 'DF', 'S'),
(8, 'ES', 'S'),
(9, 'GO', 'S'),
(10, 'MA', 'S'),
(11, 'MT', 'S'),
(12, 'MS', 'S'),
(13, 'MG', 'S'),
(14, 'PA', 'S'),
(15, 'PB', 'S'),
(16, 'PR', 'S'),
(17, 'PE', 'S'),
(18, 'PI', 'S'),
(19, 'RJ', 'S'),
(20, 'RN', 'S'),
(21, 'RS', 'S'),
(22, 'RO', 'S'),
(23, 'RR', 'S'),
(24, 'RC', 'S'),
(25, 'SP', 'S'),
(26, 'SE', 'S'),
(27, 'TO', 'S');

-- --------------------------------------------------------

--
-- Estrutura da tabela `unts_usuario`
--

CREATE TABLE IF NOT EXISTS `unts_usuario` (
  `user_id` smallint(6) NOT NULL AUTO_INCREMENT,
  `user_login` varchar(30) NOT NULL,
  `user_senha` varchar(8) NOT NULL,
  `user_nome` varchar(255) NOT NULL,
  `user_telefone` varchar(13) NOT NULL,
  `user_email` varchar(255) NOT NULL,
  `user_nivel` char(1) NOT NULL,
  `user_ativo` char(1) NOT NULL DEFAULT 'S',
  PRIMARY KEY (`user_id`),
  UNIQUE KEY `user_login` (`user_login`)
) ENGINE=InnoDB  DEFAULT CHARSET=latin1 AUTO_INCREMENT=10 ;

--
-- Extraindo dados da tabela `unts_usuario`
--

INSERT INTO `unts_usuario` (`user_id`, `user_login`, `user_senha`, `user_nome`, `user_telefone`, `user_email`, `user_nivel`, `user_ativo`) VALUES
(1, 'claudio.moreira', 'j4mb1nh0', 'Cláudio Alves Moreira', '(27)9922-7064', 'cal-vesm@hotmail.com', 'A', 'S'),
(2, 'pedro.souza', 'cps1959', 'Pedro Gomes de Souza', '(27)9869-3901', 'cal-vesm@hotmail.com', 'A', 'S'),
(3, 'elza.pepino', 'carinho', 'Elza Regina dos Santos Pepino', '(27)3339-0415', 'santospepino@yahoo.com.br', 'A', 'S'),
(4, 'lucas.calvi', '230889', 'Lucas Calvi de Souza', '(27)9973-4096', 'lucascalvi89@gmail.com', 'A', 'S'),
(5, 'maria.costa', '123456', 'Maria Luiza Couvre da Costa', '(27)9833-9209', 'gilbertoeluiza@hotmail.com', 'A', 'S'),
(6, 'victorjoaquim', 'vjr0359', 'Victor Joaquim Rodrigues', '(27)99019160', 'victor.j.rodrigues@hotmail.com', 'A', 'S'),
(7, 'mariagraças', '123456', 'Maria das Graças Lacerda de Oliveira', '(27)99019160', 'victor.j.rodrigues@hotmail.com', 'A', 'S'),
(8, 'geraldo.bertoldi', '210583', 'Geraldo Bertoldi', '(27)3339-5496', 'bertoldi.geraldo@gmail.com', 'A', 'S'),
(9, 'dirceu.rizzi', 'DRZ2030', 'Dirceu A. Rizzi', '(27)3339-5698', 'dirceurizzi@terra.com.br', 'A', 'S');

--
-- Restrições para as tabelas dumpadas
--

--
-- Restrições para a tabela `unts_item_mov`
--
ALTER TABLE `unts_item_mov`
  ADD CONSTRAINT `unts_item_mov_ibfk_1` FOREIGN KEY (`movim_id`) REFERENCES `unts_movimento` (`movim_id`) ON UPDATE CASCADE;

--
-- Restrições para a tabela `unts_movimento`
--
ALTER TABLE `unts_movimento`
  ADD CONSTRAINT `unts_movimento_ibfk_1` FOREIGN KEY (`tesra_id`) REFERENCES `unts_tesouraria` (`tesra_id`) ON UPDATE CASCADE,
  ADD CONSTRAINT `unts_movimento_ibfk_2` FOREIGN KEY (`perio_id`) REFERENCES `unts_periodo` (`perio_id`) ON UPDATE CASCADE;

--
-- Restrições para a tabela `unts_permissao`
--
ALTER TABLE `unts_permissao`
  ADD CONSTRAINT `unts_permissao_ibfk_1` FOREIGN KEY (`tesra_id`) REFERENCES `unts_tesouraria` (`tesra_id`) ON UPDATE CASCADE,
  ADD CONSTRAINT `unts_permissao_ibfk_2` FOREIGN KEY (`user_id`) REFERENCES `unts_usuario` (`user_id`) ON UPDATE CASCADE;

--
-- Restrições para a tabela `unts_plcta_classe`
--
ALTER TABLE `unts_plcta_classe`
  ADD CONSTRAINT `unts_plcta_classe_ibfk_1` FOREIGN KEY (`grupo_id`) REFERENCES `unts_plcta_grupo` (`grupo_id`) ON UPDATE CASCADE,
  ADD CONSTRAINT `unts_plcta_classe_ibfk_2` FOREIGN KEY (`subgrupo_id`) REFERENCES `unts_plcta_subgrupo` (`subgrupo_id`) ON UPDATE CASCADE;

--
-- Restrições para a tabela `unts_plcta_subclasse`
--
ALTER TABLE `unts_plcta_subclasse`
  ADD CONSTRAINT `unts_plcta_subclasse_ibfk_3` FOREIGN KEY (`grupo_id`) REFERENCES `unts_plcta_grupo` (`grupo_id`) ON UPDATE CASCADE,
  ADD CONSTRAINT `unts_plcta_subclasse_ibfk_4` FOREIGN KEY (`subgrupo_id`) REFERENCES `unts_plcta_subgrupo` (`subgrupo_id`) ON UPDATE CASCADE,
  ADD CONSTRAINT `unts_plcta_subclasse_ibfk_5` FOREIGN KEY (`classe_id`) REFERENCES `unts_plcta_classe` (`classe_id`) ON UPDATE CASCADE;

--
-- Restrições para a tabela `unts_saldo_ini`
--
ALTER TABLE `unts_saldo_ini`
  ADD CONSTRAINT `unts_saldo_ini_ibfk_1` FOREIGN KEY (`movim_id`) REFERENCES `unts_movimento` (`movim_id`) ON UPDATE CASCADE,
  ADD CONSTRAINT `unts_saldo_ini_ibfk_2` FOREIGN KEY (`conta_id`) REFERENCES `unts_contas` (`conta_id`) ON UPDATE CASCADE;

--
-- Restrições para a tabela `unts_tesouraria`
--
ALTER TABLE `unts_tesouraria`
  ADD CONSTRAINT `unts_tesouraria_ibfk_1` FOREIGN KEY (`comun_id`) REFERENCES `unts_comunidade` (`comun_id`) ON UPDATE CASCADE;

/*!40101 SET CHARACTER_SET_CLIENT=@OLD_CHARACTER_SET_CLIENT */;
/*!40101 SET CHARACTER_SET_RESULTS=@OLD_CHARACTER_SET_RESULTS */;
/*!40101 SET COLLATION_CONNECTION=@OLD_COLLATION_CONNECTION */;
